林黛玉:24.0, 贾宝玉:24.0
贾宝玉:20.0, 贾政:20.0
林黛玉:11.0, 薛宝钗:11.0, 贾宝玉:11.0
甄士隐:10.0, 贾雨村:10.0
史湘云:9.0, 林黛玉:9.0
平儿:8.0, 王熙凤:8.0
袭人:8.0, 贾宝玉:8.0
林黛玉:8.0, 紫鹃:8.0, 贾宝玉:8.0
秦可卿:6.0, 贾宝玉:6.0
晴雯:6.0, 袭人:6.0, 贾宝玉:6.0, 麝月:6.0
林黛玉:6.0, 薛宝钗:6.0
茗烟:5.0, 贾宝玉:5.0
史太君:5.0, 王熙凤:5.0
史太君:5.0, 贾宝玉:5.0, 贾政:5.0
林黛玉:5.0, 紫鹃:5.0, 贾宝玉:5.0, 雪雁:5.0
王熙凤:4.0, 秦可卿:4.0
薛宝钗:4.0, 贾宝玉:4.0
平儿:4.0, 王熙凤:4.0, 贾琏:4.0
林黛玉:4.0, 袭人:4.0, 贾宝玉:4.0
史太君:4.0, 林黛玉:4.0, 贾宝玉:4.0
林黛玉:4.0, 王熙凤:4.0, 薛宝钗:4.0, 贾宝玉:4.0
王熙凤:4.0, 贾瑞:4.0
林黛玉:4.0, 紫鹃:4.0, 雪雁:4.0
史太君:4.0, 贾政:4.0
史太君:3.0, 袭人:3.0, 贾宝玉:3.0
史太君:3.0, 尤氏:3.0, 王熙凤:3.0, 贾蓉:3.0
王熙凤:3.0, 贾芸:3.0
贾宝玉:3.0, 贾政:3.0, 贾珍:3.0
夏金桂:3.0, 宝蟾:3.0, 薛蝌:3.0, 薛蟠:3.0
史太君:3.0, 平儿:3.0, 王熙凤:3.0, 贾琏:3.0
史湘云:3.0, 林黛玉:3.0, 薛宝钗:3.0, 袭人:3.0, 贾宝玉:3.0
倪二:3.0, 贾芸:3.0
晴雯:3.0, 贾宝玉:3.0
薛姨妈:3.0, 薛宝钗:3.0
平儿:3.0, 贾琏:3.0
林黛玉:3.0, 香菱:3.0
史太君:3.0, 史湘云:3.0, 薛宝钗:3.0
贾政:3.0, 贾琏:3.0
坠儿:2.0, 贾宝玉:2.0, 贾芸:2.0
史太君:2.0, 林黛玉:2.0, 秋纹:2.0, 袭人:2.0, 贾宝玉:2.0
王熙凤:2.0, 秦可卿:2.0, 贾宝玉:2.0, 贾蓉:2.0
史太君:2.0, 王夫人:2.0, 袭人:2.0, 贾宝玉:2.0, 麝月:2.0
林黛玉:2.0, 紫鹃:2.0, 袭人:2.0, 贾宝玉:2.0, 雪雁:2.0
史太君:2.0, 王夫人:2.0, 王熙凤:2.0, 薛姨妈:2.0
贾宝玉:2.0, 贾芸:2.0
妙玉:2.0, 彩屏:2.0, 贾惜春:2.0
薛宝钗:2.0, 袭人:2.0, 贾宝玉:2.0
刘姥姥:2.0, 贾宝玉:2.0
薛姨妈:2.0, 薛蟠:2.0
秦可卿:2.0, 袭人:2.0, 贾宝玉:2.0
夏金桂:2.0, 宝蟾:2.0, 薛蟠:2.0, 香菱:2.0
史太君:2.0, 贾宝玉:2.0
林如海:2.0, 贾雨村:2.0
史太君:2.0, 王夫人:2.0, 贾宝玉:2.0, 贾政:2.0
云儿:2.0, 冯紫英:2.0, 蒋玉菡:2.0, 薛蟠:2.0, 贾宝玉:2.0
林黛玉:2.0, 柳五儿:2.0, 薛宝钗:2.0, 袭人:2.0, 贾宝玉:2.0, 麝月:2.0
莺儿:2.0, 薛宝钗:2.0, 袭人:2.0, 贾宝玉:2.0
史湘云:2.0, 林黛玉:2.0, 薛宝钗:2.0
王夫人:2.0, 贾宝玉:2.0, 贾政:2.0, 麝月:2.0
坠儿:2.0, 小红:2.0, 贾芸:2.0
夏金桂:2.0, 宝蟾:2.0, 薛姨妈:2.0, 薛宝钗:2.0, 薛蟠:2.0, 香菱:2.0
史太君:2.0, 鸳鸯:2.0
妙玉:2.0, 贾宝玉:2.0
蒋玉菡:2.0, 贾宝玉:2.0, 贾政:2.0
史太君:2.0, 贾珍:2.0, 贾琏:2.0, 贾蓉:2.0
晴雯:2.0, 秋纹:2.0, 袭人:2.0, 贾宝玉:2.0, 麝月:2.0
林黛玉:2.0, 薛宝钗:2.0, 袭人:2.0, 贾宝玉:2.0
檀云:2.0, 麝月:2.0
莺儿:2.0, 薛宝钗:2.0, 贾宝玉:2.0
刘姥姥:2.0, 史太君:2.0, 妙玉:2.0, 贾宝玉:2.0
林黛玉:2.0, 紫鹃:2.0, 薛宝钗:2.0, 贾宝玉:2.0
史太君:2.0, 林黛玉:2.0, 王熙凤:2.0, 紫鹃:2.0, 贾宝玉:2.0, 雪雁:2.0
史太君:2.0, 王夫人:2.0, 王熙凤:2.0
王熙凤:2.0, 贾蓉:2.0
秦可卿:2.0, 贾珍:2.0, 贾蓉:2.0
夏金桂:2.0, 宝蟾:2.0, 薛宝钗:2.0, 香菱:2.0
林黛玉:2.0, 贾元春:2.0
刘姥姥:2.0, 周瑞:2.0, 板儿:2.0
平儿:2.0, 贾巧姐:2.0, 邢夫人:2.0
史太君:2.0, 晴雯:2.0, 林黛玉:2.0, 紫鹃:2.0, 袭人:2.0, 贾宝玉:2.0
史太君:2.0, 张道士:2.0, 贾宝玉:2.0, 贾珍:2.0
王夫人:2.0, 贾宝玉:2.0
李贵:2.0, 贾宝玉:2.0, 贾政:2.0
贾宝玉:2.0, 贾政:2.0, 贾环:2.0
周瑞:2.0, 周瑞家的:2.0, 薛宝钗:2.0
刘姥姥:2.0, 周瑞:2.0, 周瑞家的:2.0, 板儿:2.0
紫鹃:2.0, 贾宝玉:2.0
史太君:2.0, 王熙凤:2.0, 贾珍:2.0
秦钟:2.0, 贾宝玉:2.0
史太君:2.0, 史湘云:2.0, 袭人:2.0, 贾宝玉:2.0
夏金桂:2.0, 宝蟾:2.0, 薛蝌:2.0
云儿:2.0, 薛蟠:2.0
晴雯:2.0, 袭人:2.0, 贾宝玉:2.0
史太君:2.0, 林黛玉:2.0, 王夫人:2.0, 薛宝钗:2.0, 袭人:2.0, 贾宝玉:2.0
贾探春:2.0, 贾政:2.0
袭人:2.0, 贾宝玉:2.0, 贾芸:2.0, 麝月:2.0
俞禄:2.0, 史太君:2.0, 贾珍:2.0, 贾琏:2.0, 贾蓉:2.0
空空道人:2.0, 贾雨村:2.0
贾政:2.0, 贾珍:2.0, 贾琏:2.0
倪二:2.0, 卜世仁:2.0, 贾芸:2.0
史太君:2.0, 林黛玉:2.0, 薛宝钗:2.0, 贾宝玉:2.0, 贾探春:2.0
史太君:2.0, 贾赦:2.0
史太君:2.0, 史湘云:2.0, 林黛玉:2.0, 紫鹃:2.0, 贾探春:2.0
袭人:2.0, 贾宝玉:2.0, 贾芸:2.0
林黛玉:2.0, 薛宝钗:2.0, 香菱:2.0
林黛玉:2.0, 紫鹃:2.0, 袭人:2.0, 贾宝玉:2.0
贾政:2.0, 贾珍:2.0
刘姥姥:2.0, 史太君:2.0, 王夫人:2.0, 王熙凤:2.0, 贾宝玉:2.0, 鸳鸯:2.0
贾元春:2.0, 贾宝玉:2.0
林黛玉:2.0, 贾雨村:2.0
贾宝玉:2.0, 鸳鸯:2.0
平儿:2.0, 李纨:2.0, 袭人:2.0
史太君:2.0, 林黛玉:2.0, 王夫人:2.0, 薛宝钗:2.0, 贾宝玉:2.0
水溶:2.0, 贾宝玉:2.0, 贾政:2.0
冷子兴:2.0, 贾雨村:2.0
薛宝钗:2.0, 贾探春:2.0
贾政:2.0, 贾雨村:2.0
史太君:2.0, 林黛玉:2.0
林黛玉:2.0, 王熙凤:2.0
来旺:2.0, 王熙凤:2.0
晴雯:2.0, 林黛玉:2.0, 袭人:2.0, 贾宝玉:2.0
史太君:2.0, 林黛玉:2.0, 紫鹃:2.0, 雪雁:2.0
史太君:2.0, 史湘云:2.0, 林黛玉:2.0, 王熙凤:2.0, 薛宝钗:2.0, 贾宝玉:2.0
智能:2.0, 秦钟:2.0, 贾宝玉:2.0
宝蟾:1.0, 贾宝玉:1.0
史太君:1.0, 王夫人:1.0, 秦钟:1.0, 薛宝钗:1.0, 薛蟠:1.0, 袭人:1.0, 贾宝玉:1.0, 贾环:1.0
尤氏:1.0, 王熙凤:1.0, 贾璜:1.0
嫣红:1.0, 林黛玉:1.0, 贾宝玉:1.0
林黛玉:1.0, 紫鹃:1.0, 薛姨妈:1.0, 薛宝钗:1.0, 贾宝玉:1.0, 雪雁:1.0
史太君:1.0, 莺儿:1.0, 薛姨妈:1.0, 薛宝钗:1.0, 贾宝玉:1.0, 顽石:1.0
史太君:1.0, 林黛玉:1.0, 王夫人:1.0, 王熙凤:1.0
贾兰:1.0, 贾宝玉:1.0, 贾政:1.0, 贾环:1.0
史太君:1.0, 李纨:1.0, 李纹:1.0, 李绮:1.0, 林黛玉:1.0, 梅翰林:1.0, 王仁:1.0, 王夫人:1.0, 王熙凤:1.0, 薛宝琴:1.0, 薛宝钗:1.0, 薛蝌:1.0, 薛蟠:1.0, 贾宝玉:1.0, 邢夫人:1.0, 邢岫烟:1.0
李纹:1.0, 薛宝琴:1.0, 邢岫烟:1.0
史太君:1.0, 王夫人:1.0, 珍珠:1.0, 贾政:1.0, 贾琏:1.0, 邢夫人:1.0, 鸳鸯:1.0
佳蕙:1.0, 史太君:1.0, 小红:1.0, 林黛玉:1.0, 贾宝玉:1.0, 贾芸:1.0
周瑞:1.0, 周瑞家的:1.0, 李纨:1.0, 王熙凤:1.0, 薛宝钗:1.0, 赖大:1.0, 赖大的母亲:1.0
晴雯:1.0, 李纨:1.0, 袭人:1.0, 贾宝玉:1.0, 麝月:1.0
史太君:1.0, 夏金桂:1.0, 薛姨妈:1.0, 薛宝钗:1.0, 香菱:1.0
史湘云:1.0, 平儿:1.0, 王夫人:1.0, 薛宝钗:1.0, 贾宝玉:1.0, 贾巧姐:1.0, 贾琏:1.0, 邢夫人:1.0
王夫人:1.0, 贾宝玉:1.0, 贾琏:1.0
待书:1.0, 李纨:1.0, 林黛玉:1.0, 薛宝钗:1.0, 贾宝玉:1.0, 贾探春:1.0, 贾迎春:1.0
春燕:1.0, 林黛玉:1.0, 芳官:1.0, 莺儿:1.0, 蕊官:1.0, 薛姨妈:1.0, 薛宝钗:1.0, 贾宝玉:1.0, 贾环:1.0, 贾琮:1.0
史太君:1.0, 王夫人:1.0, 薛宝钗:1.0, 袭人:1.0, 贾宝玉:1.0, 贾探春:1.0, 贾赦:1.0, 邢夫人:1.0
李纨:1.0, 林黛玉:1.0, 薛宝钗:1.0, 贾探春:1.0
妙玉:1.0, 李纨:1.0, 林黛玉:1.0, 贾宝玉:1.0, 贾探春:1.0, 邢岫烟:1.0
史太君:1.0, 王夫人:1.0, 薛姨妈:1.0, 薛宝钗:1.0, 贾宝玉:1.0
史太君:1.0, 晴雯:1.0, 琥珀:1.0, 秋纹:1.0, 绮霰:1.0, 袭人:1.0, 贾宝玉:1.0, 鸳鸯:1.0, 麝月:1.0
史太君:1.0, 史湘云:1.0, 薛姨妈:1.0, 薛宝钗:1.0, 邢夫人:1.0
冷子兴:1.0, 史太君:1.0, 李纨:1.0, 林黛玉:1.0, 贾政:1.0, 贾赦:1.0
史湘云:1.0, 邢岫烟:1.0
史太君:1.0, 四儿:1.0, 晴雯:1.0, 林之孝:1.0, 林之孝家的:1.0, 袭人:1.0, 贾宝玉:1.0, 麝月:1.0
史太君:1.0, 玉钏:1.0, 贾宝玉:1.0, 金钏:1.0, 麝月:1.0
周瑞:1.0, 周瑞家的:1.0, 王夫人:1.0, 莺儿:1.0, 薛姨妈:1.0, 薛宝钗:1.0
王仁:1.0, 贾芸:1.0
周瑞:1.0, 周瑞家的:1.0, 平儿:1.0, 王熙凤:1.0
史太君:1.0, 王熙凤:1.0, 程日兴:1.0, 贾政:1.0, 贾珍:1.0, 贾赦:1.0
史太君:1.0, 林黛玉:1.0, 秋纹:1.0, 紫鹃:1.0, 袭人:1.0, 贾宝玉:1.0
史太君:1.0, 张道士:1.0, 王熙凤:1.0, 贾元春:1.0, 贾珍:1.0
尤二姐:1.0, 尤老娘:1.0, 贾珍:1.0, 贾琏:1.0
李纨:1.0, 王仁:1.0, 王夫人:1.0, 薛宝钗:1.0, 贾芸:1.0, 邢夫人:1.0, 邢德全:1.0
四儿:1.0, 芳官:1.0, 贾宝玉:1.0
水溶:1.0, 贾政:1.0, 贾琏:1.0, 贾赦:1.0
史太君:1.0, 林黛玉:1.0, 王夫人:1.0, 紫鹃:1.0, 薛姨妈:1.0, 贾宝玉:1.0
史太君:1.0, 尤氏:1.0, 王夫人:1.0, 王熙凤:1.0, 莺儿:1.0, 薛姨妈:1.0, 薛宝琴:1.0, 薛宝钗:1.0, 贾宝玉:1.0, 香菱:1.0
史太君:1.0, 史湘云:1.0, 林黛玉:1.0, 薛宝钗:1.0, 贾宝玉:1.0, 贾探春:1.0
史太君:1.0, 墨雨:1.0, 李纨:1.0, 林黛玉:1.0, 紫鹃:1.0, 贾宝玉:1.0, 贾琏:1.0, 雪雁:1.0
李纨:1.0, 王夫人:1.0, 素云:1.0, 薛宝钗:1.0, 袭人:1.0, 贾宝玉:1.0
净虚:1.0, 王熙凤:1.0
平儿:1.0, 林黛玉:1.0, 王熙凤:1.0, 贾琏:1.0
史湘云:1.0, 司棋:1.0, 女先儿:1.0, 小螺:1.0, 尤氏:1.0, 平儿:1.0, 彩云:1.0, 晴雯:1.0, 李纨:1.0, 林黛玉:1.0, 玉钏:1.0, 紫鹃:1.0, 莺儿:1.0, 薛姨妈:1.0, 薛宝琴:1.0, 薛宝钗:1.0, 袭人:1.0, 贾宝玉:1.0, 贾惜春:1.0, 贾探春:1.0, 贾迎春:1.0, 邢岫烟:1.0, 香菱:1.0, 鸳鸯:1.0
史太君:1.0, 王夫人:1.0, 王熙凤:1.0, 邢夫人:1.0, 鸳鸯:1.0
刘姥姥:1.0, 周瑞:1.0, 周瑞家的:1.0, 贾蓉:1.0
庆儿:1.0, 张华:1.0, 来旺:1.0, 王信:1.0, 王子腾:1.0, 王熙凤:1.0, 贾琏:1.0, 贾蓉:1.0
史太君:1.0, 史湘云:1.0, 李纨:1.0, 李纹:1.0, 李绮:1.0, 林黛玉:1.0, 王熙凤:1.0, 薛宝琴:1.0, 薛宝钗:1.0, 贾宝玉:1.0, 贾惜春:1.0, 贾探春:1.0, 贾芸:1.0, 贾迎春:1.0, 邢岫烟:1.0
李纨:1.0, 林黛玉:1.0, 紫鹃:1.0, 贾宝玉:1.0, 雪雁:1.0
史太君:1.0, 珍珠:1.0, 琥珀:1.0, 鸳鸯:1.0
史湘云:1.0, 宋嬷嬷:1.0, 秋纹:1.0, 袭人:1.0, 贾宝玉:1.0
刘姥姥:1.0, 周瑞:1.0, 周瑞家的:1.0, 王熙凤:1.0
入画:1.0, 尤氏:1.0, 李纨:1.0, 王熙凤:1.0, 贾惜春:1.0
秦钟:1.0, 贾元春:1.0
史太君:1.0, 吴新登:1.0, 周瑞:1.0, 林黛玉:1.0, 王熙凤:1.0, 蒋玉菡:1.0, 薛姨妈:1.0, 袭人:1.0, 贾宝玉:1.0, 金钏:1.0
刘姥姥:1.0, 史太君:1.0, 史湘云:1.0, 李纨:1.0, 板儿:1.0, 林黛玉:1.0, 王夫人:1.0, 王熙凤:1.0, 琥珀:1.0, 薛姨妈:1.0, 贾宝玉:1.0, 贾惜春:1.0, 贾探春:1.0, 贾迎春:1.0, 鸳鸯:1.0
兴儿:1.0, 史太君:1.0, 尤氏:1.0, 贾珍:1.0, 贾蓉:1.0, 贾蓉之妻:1.0
史太君:1.0, 李嬷嬷:1.0, 茜雪:1.0, 袭人:1.0, 贾宝玉:1.0
李贵:1.0, 秦钟:1.0, 贾宝玉:1.0, 贾瑞:1.0
史太君:1.0, 尤氏:1.0, 平儿:1.0, 彩霞:1.0, 李纨:1.0, 林黛玉:1.0, 王夫人:1.0, 王熙凤:1.0, 薛姨妈:1.0, 袭人:1.0, 赖大:1.0, 赖大的母亲:1.0, 邢夫人:1.0, 鸳鸯:1.0
尤三姐:1.0, 尤老娘:1.0, 柳湘莲:1.0, 贾珍:1.0, 贾琏:1.0
贾政:1.0, 贾芹:1.0, 赖大:1.0
甄士隐:1.0, 神瑛侍者:1.0, 绛珠仙子:1.0, 警幻仙子:1.0
甄士隐:1.0, 香菱:1.0
史太君:1.0, 喜儿:1.0, 玉钏:1.0, 王夫人:1.0, 王熙凤:1.0, 秋纹:1.0, 莺儿:1.0, 薛宝钗:1.0, 袭人:1.0, 贾宝玉:1.0, 金钏:1.0, 麝月:1.0
史太君:1.0, 尤氏:1.0, 王夫人:1.0, 贾珍:1.0, 贾蓉:1.0, 邢夫人:1.0
史太君:1.0, 小红:1.0, 待书:1.0, 林黛玉:1.0, 紫鹃:1.0, 贾宝玉:1.0, 贾探春:1.0, 邢夫人:1.0, 雪雁:1.0
史湘云:1.0, 薛宝钗:1.0, 袭人:1.0
史太君:1.0, 平儿:1.0, 林之孝:1.0, 林之孝家的:1.0, 王熙凤:1.0, 贾宝玉:1.0
王仁:1.0, 贾宝玉:1.0, 贾巧姐:1.0, 贾琏:1.0, 贾芸:1.0
贾源:1.0, 贾演:1.0, 贾珍:1.0, 贾蓉:1.0
小红:1.0, 晴雯:1.0, 柳五儿:1.0, 王夫人:1.0, 王熙凤:1.0, 贾宝玉:1.0
冯紫英:1.0, 尤氏:1.0, 贾珍:1.0, 贾蓉:1.0
史太君:1.0, 李纨:1.0, 林如海:1.0, 林黛玉:1.0, 王夫人:1.0, 王熙凤:1.0, 贾惜春:1.0, 贾探春:1.0, 贾珠:1.0, 贾迎春:1.0
史太君:1.0, 尤二姐:1.0, 平儿:1.0, 朱大娘:1.0, 王熙凤:1.0, 贾元春:1.0, 贾琏:1.0, 鸳鸯:1.0
媚人:1.0, 晴雯:1.0, 秦可卿:1.0, 袭人:1.0, 贾宝玉:1.0, 麝月:1.0
王熙凤:1.0, 祝妈:1.0, 袭人:1.0
史太君:1.0, 林黛玉:1.0, 贾宝玉:1.0, 贾政:1.0, 贾琏:1.0, 贾蓉:1.0, 贾赦:1.0, 赖尚荣:1.0
尤氏:1.0, 李纨:1.0, 王夫人:1.0, 贾惜春:1.0, 贾珍:1.0, 贾芸:1.0, 贾蔷:1.0, 邢夫人:1.0
尤氏:1.0, 王熙凤:1.0, 秦可卿:1.0, 贾珍:1.0, 贾蓉:1.0
妙玉:1.0, 贾宝玉:1.0, 贾惜春:1.0
夏金桂:1.0, 宝蟾:1.0, 薛姨妈:1.0, 薛宝钗:1.0, 香菱:1.0
伴鹤:1.0, 周瑞:1.0, 张若锦:1.0, 李贵:1.0, 王荣:1.0, 茗烟:1.0, 贾宝玉:1.0, 赖大:1.0, 赵亦华:1.0, 钱启:1.0, 锄药:1.0
史太君:1.0, 平儿:1.0, 王仁:1.0, 王夫人:1.0, 王子胜:1.0, 王子腾:1.0, 王熙凤:1.0, 薛宝钗:1.0, 贾宝玉:1.0, 贾巧姐:1.0, 贾政:1.0, 贾琏:1.0, 赖大:1.0
王熙凤:1.0, 贾宝玉:1.0, 贾瑞:1.0
平儿:1.0, 王仁:1.0, 王熙凤:1.0, 贾琏:1.0
史太君:1.0, 文官:1.0, 王夫人:1.0
尤二姐:1.0, 柳湘莲:1.0, 薛蟠:1.0, 贾宝玉:1.0, 贾探春:1.0, 贾琏:1.0
云儿:1.0, 冯紫英:1.0, 史太君:1.0, 史湘云:1.0, 张道士:1.0, 林黛玉:1.0, 王熙凤:1.0, 薛宝钗:1.0, 贾宝玉:1.0, 贾探春:1.0, 贾珍:1.0, 贾蓉:1.0
妙玉:1.0, 林黛玉:1.0, 贾宝玉:1.0, 邢岫烟:1.0
平儿:1.0, 王熙凤:1.0, 秦可卿:1.0
史太君:1.0, 尤氏:1.0, 李纨:1.0, 林之孝:1.0, 林之孝家的:1.0, 林黛玉:1.0, 薛宝钗:1.0
宝珠:1.0, 小鸠儿:1.0, 春燕:1.0, 晴雯:1.0, 芳官:1.0, 莺儿:1.0, 藕官:1.0, 袭人:1.0, 贾宝玉:1.0, 麝月:1.0
贾珍:1.0, 贾蓉:1.0, 贾赦:1.0
王熙凤:1.0, 贾宝玉:1.0, 贾环:1.0, 赵姨娘:1.0, 马道婆:1.0
史太君:1.0, 王熙凤:1.0, 贾宝玉:1.0, 贾蓉:1.0
史太君:1.0, 抱琴:1.0, 昭容:1.0, 李纨:1.0, 林黛玉:1.0, 王夫人:1.0, 王熙凤:1.0, 薛姨妈:1.0, 薛宝钗:1.0, 贾元春:1.0, 贾宝玉:1.0, 贾政:1.0, 贾赦:1.0, 邢夫人:1.0
夏婆子:1.0, 翠墨:1.0, 艾官:1.0, 蝉姐:1.0, 贾探春:1.0
史太君:1.0, 王夫人:1.0, 王熙凤:1.0, 薛宝琴:1.0, 薛蝌:1.0, 薛蟠:1.0, 贾迎春:1.0, 邢夫人:1.0, 邢岫烟:1.0
王熙凤:1.0, 贾元春:1.0, 贾政:1.0, 贾琏:1.0, 贾雨村:1.0
史太君:1.0, 王夫人:1.0, 薛姨妈:1.0, 薛蟠:1.0, 贾政:1.0, 贾珍:1.0, 贾琏:1.0, 贾赦:1.0
贾珍:1.0, 贾蓉:1.0
平儿:1.0, 王夫人:1.0, 王熙凤:1.0, 贾元春:1.0, 贾琏:1.0
林黛玉:1.0, 秋纹:1.0, 紫鹃:1.0, 贾宝玉:1.0, 麝月:1.0
刘姥姥:1.0, 王熙凤:1.0, 贾巧姐:1.0, 青儿:1.0
林之孝:1.0, 水溶:1.0, 贾宝玉:1.0, 贾政:1.0, 贾珍:1.0, 贾琏:1.0, 贾赦:1.0
尤氏:1.0, 王熙凤:1.0, 秦可卿:1.0, 秦钟:1.0, 贾宝玉:1.0
史太君:1.0, 檀云:1.0, 水溶:1.0, 王夫人:1.0, 秋纹:1.0, 薛宝钗:1.0, 袭人:1.0, 贾宝玉:1.0, 贾芸:1.0, 麝月:1.0
史太君:1.0, 王熙凤:1.0, 贾政:1.0, 贾琏:1.0
史太君:1.0, 林黛玉:1.0, 王夫人:1.0, 贾赦:1.0, 邢夫人:1.0
史太君:1.0, 林黛玉:1.0, 秋纹:1.0, 薛姨妈:1.0, 薛宝钗:1.0, 袭人:1.0, 贾兰:1.0, 贾宝玉:1.0, 麝月:1.0
妙玉:1.0, 林之孝:1.0, 林之孝家的:1.0, 王夫人:1.0, 薛姨妈:1.0, 贾蔷:1.0
史太君:1.0, 史湘云:1.0, 林黛玉:1.0, 贾宝玉:1.0, 贾探春:1.0
史太君:1.0, 王熙凤:1.0, 贾惜春:1.0
史太君:1.0, 彩云:1.0, 李纨:1.0, 王夫人:1.0, 王熙凤:1.0, 薛宝钗:1.0, 贾探春:1.0, 贾政:1.0, 贾琏:1.0, 贾迎春:1.0, 邢夫人:1.0, 鸳鸯:1.0
史太君:1.0, 妙玉:1.0, 林黛玉:1.0, 薛宝钗:1.0, 袭人:1.0, 贾兰:1.0, 贾宝玉:1.0, 贾惜春:1.0, 贾政:1.0, 麝月:1.0
刘姥姥:1.0, 史太君:1.0, 王夫人:1.0, 王熙凤:1.0, 薛姨妈:1.0
尤三姐:1.0, 柳湘莲:1.0, 薛姨妈:1.0, 薛蟠:1.0
丰儿:1.0, 平儿:1.0, 王熙凤:1.0
多姑娘:1.0, 多官:1.0, 王熙凤:1.0, 贾元春:1.0, 贾琏:1.0
李纨:1.0, 林黛玉:1.0, 薛宝钗:1.0, 贾宝玉:1.0, 贾探春:1.0, 香菱:1.0
佩凤:1.0, 女先儿:1.0, 尤氏:1.0, 平儿:1.0, 李纨:1.0, 贾宝玉:1.0, 贾探春:1.0
史太君:1.0, 贾兰:1.0, 贾宝玉:1.0, 贾环:1.0, 贾琮:1.0, 贾赦:1.0, 邢夫人:1.0
史湘云:1.0, 李纨:1.0, 林黛玉:1.0, 薛姨妈:1.0, 薛宝钗:1.0, 贾宝玉:1.0, 邢岫烟:1.0, 香菱:1.0
王夫人:1.0, 薛宝钗:1.0, 贾宝玉:1.0
史太君:1.0, 周瑞:1.0, 周瑞家的:1.0, 王熙凤:1.0, 贾琏:1.0, 贾芸:1.0
史太君:1.0, 史湘云:1.0, 王夫人:1.0, 王熙凤:1.0, 薛姨妈:1.0, 薛宝钗:1.0, 袭人:1.0, 贾宝玉:1.0, 贾惜春:1.0, 贾迎春:1.0
平儿:1.0, 李纨:1.0, 贾探春:1.0, 赖大:1.0
宝官:1.0, 文官:1.0, 玉官:1.0, 袭人:1.0, 鸳鸯:1.0
史太君:1.0, 李婶:1.0, 林黛玉:1.0, 王熙凤:1.0, 薛姨妈:1.0, 贾宝玉:1.0, 贾珍:1.0, 贾蓉:1.0, 贾蓉之妻:1.0
史太君:1.0, 王夫人:1.0, 珍珠:1.0, 琥珀:1.0, 贾宝玉:1.0, 贾政:1.0, 贾琏:1.0, 贾芸:1.0, 鸳鸯:1.0
史太君:1.0, 彩云:1.0, 王夫人:1.0, 薛姨妈:1.0, 薛宝钗:1.0, 袭人:1.0, 贾宝玉:1.0
史太君:1.0, 史湘云:1.0, 李纨:1.0, 李纹:1.0, 林黛玉:1.0, 王夫人:1.0, 王子腾:1.0, 王熙凤:1.0, 薛姨妈:1.0, 薛宝琴:1.0, 薛宝钗:1.0, 邢夫人:1.0, 邢岫烟:1.0
尤氏:1.0, 来旺:1.0, 王熙凤:1.0, 贾珍:1.0
史太君:1.0, 王夫人:1.0, 王熙凤:1.0, 秦钟:1.0, 贾宝玉:1.0, 贾政:1.0, 贾珍:1.0, 贾蓉:1.0, 贾赦:1.0, 邢夫人:1.0
史太君:1.0, 尤氏:1.0, 李纨:1.0, 林黛玉:1.0, 王夫人:1.0, 王熙凤:1.0, 薛宝钗:1.0, 贾宝玉:1.0, 贾珍:1.0, 贾琏:1.0, 贾蓉:1.0, 贾赦:1.0
林黛玉:1.0, 翡翠:1.0
史太君:1.0, 史湘云:1.0, 李婶:1.0, 王夫人:1.0, 薛姨妈:1.0, 贾宝玉:1.0, 贾环:1.0, 贾珍:1.0, 贾琏:1.0, 邢夫人:1.0
王夫人:1.0, 甄宝玉:1.0, 贾兰:1.0, 贾宝玉:1.0, 贾政:1.0
刘姥姥:1.0, 王熙凤:1.0
贾迎春:1.0, 香菱:1.0
史太君:1.0, 坠儿:1.0, 平儿:1.0, 晴雯:1.0, 李纨:1.0, 良儿:1.0, 袭人:1.0, 贾宝玉:1.0, 麝月:1.0
王夫人:1.0, 薛姨妈:1.0, 薛宝钗:1.0, 袭人:1.0, 贾宝玉:1.0
史太君:1.0, 周瑞:1.0, 周瑞家的:1.0, 王夫人:1.0, 薛宝钗:1.0
倪二:1.0, 贾雨村:1.0
史太君:1.0, 贾宝玉:1.0, 贾琏:1.0, 贾芸:1.0
翠墨:1.0, 贾宝玉:1.0, 贾芸:1.0
史太君:1.0, 妙玉:1.0, 林黛玉:1.0, 王熙凤:1.0, 薛宝琴:1.0, 薛宝钗:1.0, 贾宝玉:1.0
史太君:1.0, 史湘云:1.0, 林黛玉:1.0, 王夫人:1.0, 王济仁:1.0, 王熙凤:1.0, 紫鹃:1.0, 贾宝玉:1.0, 贾探春:1.0, 贾琏:1.0, 雪雁:1.0, 鸳鸯:1.0
乌进孝:1.0, 贾珍:1.0, 贾蓉:1.0
严老爷:1.0, 甄士隐:1.0, 贾雨村:1.0
封氏:1.0, 封肃:1.0
史湘云:1.0, 尤氏:1.0, 彩云:1.0, 李婶:1.0, 李纨:1.0, 李贵:1.0, 王夫人:1.0, 薛姨妈:1.0, 薛宝琴:1.0, 薛宝钗:1.0, 薛蝌:1.0, 袭人:1.0, 贾兰:1.0, 贾宝玉:1.0, 贾惜春:1.0, 贾环:1.0, 贾蔷:1.0, 邢夫人:1.0
彩云:1.0, 王夫人:1.0, 贾宝玉:1.0, 贾政:1.0, 贾环:1.0, 赵姨娘:1.0
周瑞:1.0, 周瑞家的:1.0, 王熙凤:1.0, 袭人:1.0
贾探春:1.0, 贾琏:1.0, 贾赦:1.0
史太君:1.0, 林黛玉:1.0, 紫鹃:1.0, 薛姨妈:1.0, 薛宝琴:1.0, 薛宝钗:1.0, 贾宝玉:1.0
史太君:1.0, 王夫人:1.0, 袭人:1.0, 贾宝玉:1.0, 贾环:1.0, 贾珠:1.0
李贵:1.0, 王夫人:1.0, 薛宝钗:1.0, 贾宝玉:1.0
林黛玉:1.0, 薛宝钗:1.0, 贾宝玉:1.0, 贾政:1.0
入画:1.0, 司棋:1.0, 周瑞:1.0, 周瑞家的:1.0, 王善保家的:1.0, 王夫人:1.0, 王熙凤:1.0, 薛宝钗:1.0, 贾迎春:1.0, 邢夫人:1.0
史太君:1.0, 晴雯:1.0, 梅翰林:1.0, 王夫人:1.0, 贾宝玉:1.0
刘姥姥:1.0, 史太君:1.0, 文官:1.0, 板儿:1.0, 王熙凤:1.0, 薛姨妈:1.0
王熙凤:1.0, 贾琏:1.0, 贾芸:1.0
史太君:1.0, 史湘云:1.0, 女先儿:1.0, 娄氏:1.0, 尤氏:1.0, 文官:1.0, 李纨:1.0, 王熙凤:1.0, 薛姨妈:1.0, 贾蓉:1.0
史太君:1.0, 尤氏:1.0, 林黛玉:1.0, 秦业:1.0, 秦可卿:1.0, 秦钟:1.0, 袭人:1.0, 贾代儒:1.0, 贾兰:1.0, 贾宝玉:1.0, 贾政:1.0, 贾效:1.0, 贾敕:1.0, 贾敦:1.0, 贾敬:1.0, 贾珍:1.0, 贾珩:1.0, 贾琛:1.0, 贾琮:1.0, 贾琼:1.0, 贾芝:1.0, 贾芬:1.0, 贾芳:1.0, 贾芸:1.0, 贾芹:1.0, 贾菌:1.0, 贾菖:1.0, 贾菱:1.0, 贾萍:1.0, 贾蓁:1.0, 贾蔷:1.0, 贾藻:1.0, 贾蘅:1.0, 贾赦:1.0
史太君:1.0, 司棋:1.0, 夏奶奶:1.0, 晴雯:1.0, 王夫人:1.0, 王熙凤:1.0, 薛蟠:1.0, 袭人:1.0, 贾宝玉:1.0, 贾政:1.0, 贾迎春:1.0, 香菱:1.0
平儿:1.0, 春燕:1.0, 晴雯:1.0, 袭人:1.0, 贾宝玉:1.0
彩霞:1.0, 王夫人:1.0, 王熙凤:1.0, 贾宝玉:1.0, 贾环:1.0, 赵姨娘:1.0
薛宝钗:1.0, 龄官:1.0
王熙凤:1.0, 贾琏:1.0, 贾赦:1.0, 邢夫人:1.0, 金彩:1.0, 金文翔:1.0
史太君:1.0, 秦钟:1.0, 贾宝玉:1.0, 贾政:1.0, 贾珍:1.0
周瑞:1.0, 周瑞家的:1.0, 晴雯:1.0, 王夫人:1.0, 王熙凤:1.0, 袭人:1.0, 贾宝玉:1.0, 麝月:1.0
史太君:1.0, 尤氏:1.0, 李纨:1.0, 王夫人:1.0, 王熙凤:1.0, 薛姨妈:1.0, 贾珍:1.0, 贾蓉:1.0, 贾蔷:1.0, 贾赦:1.0, 贾迎春:1.0, 赖大:1.0, 邢夫人:1.0
薛蟠:1.0, 贾宝玉:1.0
冯渊:1.0, 拐子:1.0, 王子腾:1.0, 薛宝钗:1.0, 薛蟠:1.0, 贾政:1.0, 贾雨村:1.0, 香菱:1.0
渺渺真人:1.0, 空空道人:1.0, 茫茫大士:1.0
花自芳:1.0, 茗烟:1.0, 袭人:1.0, 贾宝玉:1.0
史太君:1.0, 晴雯:1.0, 袭人:1.0, 贾宝玉:1.0, 贾政:1.0
薛宝钗:1.0, 袭人:1.0, 贾宝玉:1.0, 贾政:1.0
刘姥姥:1.0, 周瑞:1.0, 周瑞家的:1.0, 平儿:1.0, 王熙凤:1.0
平儿:1.0, 李纨:1.0, 林之孝:1.0, 林之孝家的:1.0, 林黛玉:1.0, 王熙凤:1.0, 芳官:1.0, 蕊官:1.0, 薛宝琴:1.0, 薛宝钗:1.0, 藕官:1.0, 袭人:1.0, 贾宝玉:1.0, 贾探春:1.0, 邢岫烟:1.0
林黛玉:1.0, 神瑛侍者:1.0, 警幻仙子:1.0, 贾宝玉:1.0, 鸳鸯:1.0
平儿:1.0, 王仁:1.0, 贾元春:1.0, 贾兰:1.0, 贾宝玉:1.0, 贾巧姐:1.0, 贾环:1.0, 贾芸:1.0, 贾赦:1.0, 邢夫人:1.0
冯紫英:1.0, 贾政:1.0, 贾赦:1.0
王熙凤:1.0, 贾巧姐:1.0, 贾环:1.0, 赵姨娘:1.0
单大娘:1.0, 平儿:1.0, 李纨:1.0, 贾探春:1.0
史太君:1.0, 尤三姐:1.0, 尤二姐:1.0, 张华:1.0, 水溶:1.0, 贾政:1.0, 贾珍:1.0, 贾蓉:1.0, 贾赦:1.0
度恨菩提:1.0, 引愁金女:1.0, 玻璃:1.0, 琥珀:1.0, 痴梦仙姑:1.0, 贾宝玉:1.0
来旺:1.0, 王熙凤:1.0, 贾宝玉:1.0, 贾迎春:1.0
史太君:1.0, 李纨:1.0, 王夫人:1.0, 琥珀:1.0, 素云:1.0, 薛姨妈:1.0, 贾兰:1.0, 贾宝玉:1.0, 贾环:1.0, 鸳鸯:1.0
史太君:1.0, 林黛玉:1.0, 王夫人:1.0, 贾宝玉:1.0
史太君:1.0, 王夫人:1.0
平儿:1.0, 王夫人:1.0, 秋纹:1.0, 薛宝钗:1.0, 袭人:1.0, 贾宝玉:1.0, 贾巧姐:1.0
史太君:1.0, 周瑞:1.0, 周瑞家的:1.0, 王熙凤:1.0, 秦可卿:1.0, 邢夫人:1.0, 鸳鸯:1.0
林黛玉:1.0, 王夫人:1.0, 薛宝钗:1.0, 袭人:1.0, 贾宝玉:1.0, 贾政:1.0
史太君:1.0, 袭人:1.0, 贾宝玉:1.0, 麝月:1.0
王熙凤:1.0, 薛姨妈:1.0, 薛宝钗:1.0, 薛蟠:1.0, 袭人:1.0, 贾元春:1.0, 贾宝玉:1.0
妙玉:1.0, 李纨:1.0, 林之孝:1.0, 林之孝家的:1.0, 林黛玉:1.0, 袭人:1.0, 贾探春:1.0, 邢岫烟:1.0, 麝月:1.0
王夫人:1.0, 薛宝钗:1.0, 袭人:1.0, 贾宝玉:1.0, 贾惜春:1.0
李嬷嬷:1.0, 薛宝钗:1.0, 袭人:1.0, 贾宝玉:1.0
云儿:1.0, 史太君:1.0, 史湘云:1.0, 李纨:1.0, 林黛玉:1.0, 王夫人:1.0, 王熙凤:1.0, 薛宝钗:1.0, 贾宝玉:1.0
史太君:1.0, 金文翔:1.0, 鸳鸯:1.0
冯紫英:1.0, 水溶:1.0, 蒋玉菡:1.0, 薛蟠:1.0, 贾宝玉:1.0
史太君:1.0, 史湘云:1.0, 林黛玉:1.0, 薛宝钗:1.0, 贾元春:1.0, 贾兰:1.0, 贾宝玉:1.0, 贾探春:1.0, 贾环:1.0
王熙凤:1.0, 秦钟:1.0
史太君:1.0, 王夫人:1.0, 王熙凤:1.0, 贾珍:1.0, 贾蓉:1.0
史太君:1.0, 王夫人:1.0, 贾政:1.0, 贾琏:1.0
周瑞:1.0, 周瑞家的:1.0, 夏金桂:1.0, 宝蟾:1.0, 李纨:1.0, 薛姨妈:1.0, 薛宝钗:1.0, 贾琏:1.0
林黛玉:1.0, 紫鹃:1.0
小红:1.0, 林黛玉:1.0, 王熙凤:1.0, 秋纹:1.0, 贾宝玉:1.0, 贾芸:1.0
史太君:1.0, 文官:1.0, 李纨:1.0, 王夫人:1.0, 王熙凤:1.0, 薛姨妈:1.0, 贾迎春:1.0
云儿:1.0, 薛蟠:1.0, 贾宝玉:1.0
林黛玉:1.0, 薛蟠:1.0, 贾宝玉:1.0
林黛玉:1.0, 薛姨妈:1.0, 薛宝钗:1.0
贾探春:1.0, 贾环:1.0, 赵姨娘:1.0
史太君:1.0, 夏守忠:1.0, 王夫人:1.0, 薛宝钗:1.0, 贾元春:1.0, 贾宝玉:1.0, 贾政:1.0
史太君:1.0, 尤氏:1.0, 彩屏:1.0, 王夫人:1.0, 王熙凤:1.0, 贾宝玉:1.0, 贾敬:1.0, 贾珍:1.0, 贾琏:1.0, 贾琮:1.0, 贾芷:1.0, 贾芹:1.0, 贾荇:1.0, 贾菖:1.0, 贾菱:1.0, 贾蓉:1.0, 贾赦:1.0, 邢夫人:1.0
文官:1.0, 李纨:1.0, 林黛玉:1.0, 王熙凤:1.0, 薛宝钗:1.0, 贾宝玉:1.0, 贾巧姐:1.0, 贾惜春:1.0, 贾探春:1.0, 贾迎春:1.0, 香菱:1.0
史太君:1.0, 林黛玉:1.0, 薛宝钗:1.0, 贾宝玉:1.0, 靛儿:1.0
贾政:1.0, 赵姨娘:1.0
王夫人:1.0, 贾环:1.0, 赵姨娘:1.0, 马道婆:1.0
史太君:1.0, 李纨:1.0, 王夫人:1.0, 王熙凤:1.0, 贾赦:1.0, 邢夫人:1.0, 鸳鸯:1.0
史太君:1.0, 彩霞:1.0, 来旺:1.0, 林之孝:1.0, 贾琏:1.0, 贾雨村:1.0
吴新登:1.0, 山子野:1.0, 林之孝:1.0, 程日兴:1.0, 詹光:1.0, 贾政:1.0, 贾珍:1.0, 贾琏:1.0, 贾蓉:1.0, 贾蔷:1.0, 贾赦:1.0, 赖大:1.0
平儿:1.0, 春燕:1.0, 林黛玉:1.0, 莺儿:1.0, 袭人:1.0, 贾宝玉:1.0, 麝月:1.0
史太君:1.0, 王夫人:1.0, 薛蟠:1.0, 贾政:1.0
尤二姐:1.0, 平儿:1.0, 王熙凤:1.0, 秋桐:1.0, 贾琏:1.0
林黛玉:1.0, 秋纹:1.0, 贾宝玉:1.0, 邢夫人:1.0
史太君:1.0, 林黛玉:1.0, 王夫人:1.0, 王熙凤:1.0, 秋纹:1.0, 贾琏:1.0
王熙凤:1.0, 贾琏:1.0, 贾蔷:1.0
丰儿:1.0, 平儿:1.0, 来旺:1.0, 王熙凤:1.0, 袭人:1.0
史太君:1.0, 贾元春:1.0, 贾政:1.0, 贾赦:1.0
吴贵妃:1.0, 王熙凤:1.0, 贾珍:1.0, 贾琏:1.0, 赵嬷嬷:1.0
史太君:1.0, 尤氏:1.0, 彩屏:1.0, 李纨:1.0, 贾惜春:1.0
佩凤:1.0, 史湘云:1.0, 尤氏:1.0, 平儿:1.0, 李纨:1.0, 玻璃:1.0, 芳官:1.0, 葵官:1.0, 薛宝琴:1.0, 豆官:1.0, 贾宝玉:1.0, 贾探春:1.0, 香菱:1.0
坠儿:1.0, 袭人:1.0, 贾宝玉:1.0
丰儿:1.0, 史太君:1.0, 平儿:1.0, 王夫人:1.0, 王熙凤:1.0, 贾政:1.0, 贾琏:1.0, 鸳鸯:1.0
史太君:1.0, 晴雯:1.0, 王善保家的:1.0, 王夫人:1.0, 王熙凤:1.0, 薛宝钗:1.0, 袭人:1.0, 贾宝玉:1.0, 邢夫人:1.0
刘姥姥:1.0, 史太君:1.0, 周瑞:1.0, 周瑞家的:1.0, 平儿:1.0, 板儿:1.0, 王熙凤:1.0, 贾琏:1.0
史太君:1.0, 王夫人:1.0, 王熙凤:1.0, 袭人:1.0, 贾宝玉:1.0, 贾琏:1.0, 鸳鸯:1.0
史太君:1.0, 平儿:1.0, 李纨:1.0, 王熙凤:1.0, 贾琏:1.0, 邢夫人:1.0
史太君:1.0, 柳五儿:1.0, 王夫人:1.0, 薛宝钗:1.0, 袭人:1.0, 贾宝玉:1.0
史太君:1.0, 夏守忠:1.0, 王夫人:1.0, 贾元春:1.0, 贾宝玉:1.0, 贾政:1.0
单聘仁:1.0, 史太君:1.0, 程日兴:1.0, 胡斯来:1.0, 薛蟠:1.0, 詹光:1.0, 贾宝玉:1.0
多官:1.0, 晴雯:1.0, 贾宝玉:1.0
史太君:1.0, 坠儿:1.0, 小红:1.0, 平儿:1.0, 柳五儿:1.0, 王熙凤:1.0, 芳官:1.0, 袭人:1.0
林之孝:1.0, 林之孝家的:1.0
史太君:1.0, 王熙凤:1.0, 秦钟:1.0, 贾宝玉:1.0
李纨:1.0, 薛宝钗:1.0, 贾宝玉:1.0, 贾探春:1.0, 贾迎春:1.0
柳湘莲:1.0, 薛蟠:1.0, 贾宝玉:1.0, 赖大:1.0, 赖尚荣:1.0
史太君:1.0, 贾珍:1.0, 贾琏:1.0, 贾琮:1.0, 贾璜:1.0, 贾蓉:1.0
史太君:1.0, 李纨:1.0, 王夫人:1.0, 王熙凤:1.0, 薛宝钗:1.0, 贾珍:1.0
晴雯:1.0, 芳官:1.0, 袭人:1.0, 贾宝玉:1.0
贾元春:1.0, 贾蔷:1.0, 龄官:1.0
史太君:1.0, 李贵:1.0, 秦钟:1.0, 茗烟:1.0, 贾宝玉:1.0, 贾政:1.0
薛姨妈:1.0, 薛蟠:1.0, 贾政:1.0, 贾琏:1.0
四儿:1.0, 妙玉:1.0, 晴雯:1.0, 林黛玉:1.0, 薛宝钗:1.0, 袭人:1.0, 贾宝玉:1.0
平儿:1.0, 王熙凤:1.0, 薛蟠:1.0, 贾珍:1.0, 贾琏:1.0, 贾蓉:1.0, 贾蓉之妻:1.0, 香菱:1.0
薛宝钗:1.0, 袭人:1.0
王熙凤:1.0, 胡氏:1.0, 薛蟠:1.0
史太君:1.0, 周瑞:1.0, 周瑞家的:1.0, 彩云:1.0, 王夫人:1.0, 王熙凤:1.0, 邢夫人:1.0, 鸳鸯:1.0
平儿:1.0, 李纨:1.0, 林之孝:1.0, 林之孝家的:1.0, 柳五儿:1.0, 玉钏:1.0, 王熙凤:1.0, 芳官:1.0, 莲花儿:1.0, 蝉姐:1.0, 贾宝玉:1.0, 贾探春:1.0
李嬷嬷:1.0, 林黛玉:1.0, 袭人:1.0, 贾宝玉:1.0
王仁:1.0, 王熙凤:1.0, 贾巧姐:1.0, 贾环:1.0, 贾琏:1.0, 贾芸:1.0, 贾蔷:1.0, 赵姨娘:1.0, 邢夫人:1.0, 邢德全:1.0
史太君:1.0, 史湘云:1.0, 林黛玉:1.0, 薛宝钗:1.0, 袭人:1.0, 贾宝玉:1.0, 贾雨村:1.0, 鸳鸯:1.0
丰儿:1.0, 史太君:1.0, 周瑞:1.0, 周瑞家的:1.0, 平儿:1.0, 待书:1.0, 王善保家的:1.0, 王夫人:1.0, 王熙凤:1.0, 贾探春:1.0, 邢夫人:1.0
史太君:1.0, 贾政:1.0, 贾琏:1.0, 贾芸:1.0
紫鹃:1.0, 薛宝钗:1.0, 袭人:1.0, 贾宝玉:1.0, 麝月:1.0
史太君:1.0, 史湘云:1.0, 林黛玉:1.0, 翠缕:1.0, 贾宝玉:1.0
丰儿:1.0, 史太君:1.0, 喜鸾:1.0, 四姐:1.0, 小红:1.0, 平儿:1.0, 王仁:1.0, 王熙凤:1.0, 贾巧姐:1.0, 贾琏:1.0
李纨:1.0, 贾元春:1.0, 贾探春:1.0
史太君:1.0, 史湘云:1.0, 林黛玉:1.0, 琥珀:1.0, 莺儿:1.0, 薛宝琴:1.0, 薛宝钗:1.0, 贾宝玉:1.0, 香菱:1.0
史太君:1.0, 林黛玉:1.0, 王熙凤:1.0, 薛姨妈:1.0, 薛宝钗:1.0, 贾宝玉:1.0
尤二姐:1.0, 尤老娘:1.0, 贾琏:1.0
平儿:1.0, 李纨:1.0, 袭人:1.0, 贾宝玉:1.0, 贾环:1.0
尤氏:1.0, 平儿:1.0, 王熙凤:1.0, 秦可卿:1.0, 秦钟:1.0, 贾宝玉:1.0
小红:1.0, 袭人:1.0, 贾宝玉:1.0, 贾芸:1.0
史湘云:1.0, 鸳鸯:1.0
李纨:1.0, 林黛玉:1.0, 薛宝钗:1.0, 贾宝玉:1.0, 贾探春:1.0, 贾迎春:1.0
住儿:1.0, 平儿:1.0, 晴雯:1.0, 柳家的:1.0, 王熙凤:1.0, 玻璃:1.0, 芳官:1.0, 贾宝玉:1.0, 贾迎春:1.0
平儿:1.0, 待书:1.0, 薛宝钗:1.0, 贾兰:1.0, 贾探春:1.0
王熙凤:1.0, 贾珍:1.0, 贾蓉:1.0
尤氏:1.0, 王夫人:1.0, 王熙凤:1.0, 贾宝玉:1.0, 贾赦:1.0, 邢夫人:1.0
史太君:1.0, 平儿:1.0, 王夫人:1.0, 贾宝玉:1.0, 贾巧姐:1.0, 贾赦:1.0, 邢夫人:1.0
史太君:1.0, 李纨:1.0, 王夫人:1.0, 王熙凤:1.0, 贾元春:1.0, 贾宝玉:1.0, 贾政:1.0, 邢夫人:1.0
史太君:1.0, 坠儿:1.0, 晴雯:1.0, 芳官:1.0, 袭人:1.0, 贾宝玉:1.0, 麝月:1.0
史太君:1.0, 尤氏:1.0, 王夫人:1.0, 琥珀:1.0, 贾兰:1.0, 贾宝玉:1.0, 贾惜春:1.0, 贾探春:1.0, 贾政:1.0, 贾环:1.0, 贾珍:1.0, 贾琏:1.0, 贾蓉:1.0, 贾赦:1.0, 贾迎春:1.0, 邢夫人:1.0, 鸳鸯:1.0
贾元春:1.0, 贾惜春:1.0, 贾探春:1.0, 贾政:1.0, 贾敏:1.0, 贾迎春:1.0, 贾雨村:1.0
俞禄:1.0, 尤氏:1.0, 贾珍:1.0, 贾蓉:1.0
史太君:1.0, 李纨:1.0, 林黛玉:1.0, 王夫人:1.0, 薛宝钗:1.0, 贾宝玉:1.0, 贾惜春:1.0, 贾探春:1.0, 贾迎春:1.0
史太君:1.0, 林黛玉:1.0, 玻璃:1.0, 贾宝玉:1.0
史太君:1.0, 周姨娘:1.0, 李纨:1.0, 林黛玉:1.0, 王夫人:1.0, 王熙凤:1.0, 紫鹃:1.0, 薛姨妈:1.0, 薛宝钗:1.0, 贾宝玉:1.0, 贾惜春:1.0, 贾探春:1.0, 贾迎春:1.0, 邢夫人:1.0
史太君:1.0, 平儿:1.0, 贾宝玉:1.0, 贾琏:1.0, 赖大:1.0
宝官:1.0, 玉官:1.0, 袭人:1.0, 贾宝玉:1.0
史太君:1.0, 贾宝玉:1.0, 贾琏:1.0, 贾赦:1.0, 金文翔:1.0, 鸳鸯:1.0
司棋:1.0, 贾迎春:1.0, 鸳鸯:1.0
冯紫英:1.0, 史太君:1.0, 秦可卿:1.0, 胡老爷:1.0, 贾政:1.0, 贾珍:1.0, 贾赦:1.0
史太君:1.0, 林黛玉:1.0, 莺儿:1.0, 薛宝钗:1.0, 袭人:1.0, 贾宝玉:1.0
史太君:1.0, 林黛玉:1.0, 王夫人:1.0, 王熙凤:1.0, 紫鹃:1.0, 薛宝钗:1.0, 贾宝玉:1.0, 贾探春:1.0
林黛玉:1.0, 水溶:1.0, 薛宝钗:1.0, 贾宝玉:1.0, 贾琏:1.0, 贾迎春:1.0
余信:1.0, 余信家的:1.0, 周瑞:1.0, 周瑞家的:1.0, 智能:1.0, 贾惜春:1.0
茜雪:1.0, 袭人:1.0, 贾宝玉:1.0
王夫人:1.0, 莺儿:1.0, 薛宝钗:1.0, 薛蟠:1.0, 袭人:1.0, 贾宝玉:1.0
林黛玉:1.0, 秋纹:1.0, 紫鹃:1.0, 薛宝钗:1.0, 袭人:1.0, 贾宝玉:1.0, 香菱:1.0
史湘云:1.0, 平儿:1.0, 林黛玉:1.0, 篆儿:1.0, 莺儿:1.0, 薛宝钗:1.0
尤二姐:1.0, 平儿:1.0, 王熙凤:1.0, 秋桐:1.0
丰儿:1.0, 小红:1.0, 平儿:1.0, 王熙凤:1.0, 秦可卿:1.0, 贾琏:1.0, 贾蓉:1.0, 贾雨村:1.0
戴权:1.0, 贾珍:1.0, 贾蓉:1.0
刘姥姥:1.0, 史太君:1.0, 周瑞:1.0, 周瑞家的:1.0, 王熙凤:1.0
天文生:1.0, 尤氏:1.0, 贾敬:1.0, 贾珍:1.0, 贾琏:1.0
史太君:1.0, 李嬷嬷:1.0, 林黛玉:1.0, 王夫人:1.0, 薛宝钗:1.0, 袭人:1.0, 贾宝玉:1.0, 贾政:1.0
夏金桂:1.0, 薛蝌:1.0
刘姥姥:1.0, 刘氏:1.0, 板儿:1.0, 王夫人:1.0, 王成:1.0, 王熙凤:1.0, 青儿:1.0
史太君:1.0, 张道士:1.0, 贾珍:1.0
史太君:1.0, 妙玉:1.0, 贾政:1.0
平儿:1.0, 袭人:1.0, 贾宝玉:1.0, 鸳鸯:1.0
史太君:1.0, 史湘云:1.0, 娄氏:1.0, 尤氏:1.0, 李纨:1.0, 林黛玉:1.0, 王夫人:1.0, 薛宝琴:1.0, 薛宝钗:1.0, 贾兰:1.0, 贾宝玉:1.0, 贾菌:1.0, 贾蓉:1.0, 贾蓉之妻:1.0, 邢夫人:1.0
史太君:1.0, 妙玉:1.0, 彩屏:1.0, 贾惜春:1.0, 贾迎春:1.0
史太君:1.0, 柳湘莲:1.0, 王夫人:1.0, 薛姨妈:1.0, 薛宝钗:1.0, 薛蟠:1.0, 贾珍:1.0, 贾琏:1.0, 香菱:1.0
史太君:1.0, 彩云:1.0, 林黛玉:1.0, 王夫人:1.0, 王子腾:1.0, 薛宝钗:1.0, 贾兰:1.0, 贾宝玉:1.0, 贾政:1.0, 贾环:1.0, 贾琏:1.0
春燕:1.0, 晴雯:1.0, 柳五儿:1.0, 柳家的:1.0, 芳官:1.0, 薛姨妈:1.0, 袭人:1.0, 贾宝玉:1.0, 麝月:1.0
入画:1.0, 史太君:1.0, 史湘云:1.0, 小螺:1.0, 平儿:1.0, 李纨:1.0, 林黛玉:1.0, 柳家的:1.0, 王熙凤:1.0, 篆儿:1.0, 绣鸾:1.0, 翠墨:1.0, 翠缕:1.0, 薛宝琴:1.0, 薛宝钗:1.0, 袭人:1.0, 贾兰:1.0, 贾宝玉:1.0, 贾巧姐:1.0, 贾惜春:1.0, 贾探春:1.0, 贾环:1.0, 邢岫烟:1.0
尤二姐:1.0, 尤老娘:1.0, 张华:1.0, 林之孝:1.0, 王熙凤:1.0, 贾珍:1.0, 贾琏:1.0, 贾蓉:1.0
宝蟾:1.0, 薛姨妈:1.0, 薛宝琴:1.0, 薛宝钗:1.0, 贾琏:1.0, 香菱:1.0
四儿:1.0, 平儿:1.0, 春燕:1.0, 晴雯:1.0, 柳五儿:1.0, 秋纹:1.0, 芳官:1.0, 袭人:1.0, 贾宝玉:1.0, 麝月:1.0
刘姥姥:1.0, 妙玉:1.0, 林黛玉:1.0, 薛宝钗:1.0, 贾宝玉:1.0
赵姨娘:1.0, 马道婆:1.0
兴儿:1.0, 喜儿:1.0, 平儿:1.0, 来旺:1.0, 王熙凤:1.0, 袭人:1.0
平儿:1.0, 来旺:1.0, 王熙凤:1.0, 香菱:1.0
周瑞:1.0, 周瑞家的:1.0, 夏金桂:1.0, 宝蟾:1.0, 薛姨妈:1.0, 贾琏:1.0, 香菱:1.0
史太君:1.0, 林黛玉:1.0, 王夫人:1.0, 王熙凤:1.0, 贾宝玉:1.0, 贾政:1.0
史太君:1.0, 李纨:1.0, 王夫人:1.0, 袭人:1.0, 贾宝玉:1.0, 贾探春:1.0, 贾环:1.0, 赵姨娘:1.0, 邢夫人:1.0
夏守忠:1.0, 贾政:1.0, 贾赦:1.0
贾代化:1.0, 贾代善:1.0, 贾宝玉:1.0, 贾政:1.0, 贾敬:1.0, 贾敷:1.0, 贾珍:1.0, 贾珠:1.0, 贾蓉:1.0, 贾赦:1.0
史太君:1.0, 林黛玉:1.0, 王熙凤:1.0, 邢夫人:1.0, 鸳鸯:1.0
史太君:1.0, 水溶:1.0, 玉钏:1.0, 王夫人:1.0, 王熙凤:1.0, 薛姨妈:1.0, 袭人:1.0, 贾宝玉:1.0
史太君:1.0, 史湘云:1.0, 王熙凤:1.0, 贾宝玉:1.0
春燕:1.0, 晴雯:1.0, 莺儿:1.0
尤氏:1.0, 王熙凤:1.0, 贾珍:1.0
史太君:1.0, 王熙凤:1.0, 薛姨妈:1.0
妙玉:1.0, 尤氏:1.0, 彩屏:1.0, 李纨:1.0, 林黛玉:1.0, 王夫人:1.0, 紫鹃:1.0, 薛宝钗:1.0, 袭人:1.0, 贾宝玉:1.0, 贾惜春:1.0
史太君:1.0, 史湘云:1.0, 李婶:1.0, 李纨:1.0, 林黛玉:1.0, 薛姨妈:1.0, 薛宝琴:1.0, 薛宝钗:1.0, 袭人:1.0, 贾元春:1.0, 贾宝玉:1.0, 贾惜春:1.0, 贾探春:1.0, 贾迎春:1.0, 邢夫人:1.0, 邢岫烟:1.0
史湘云:1.0, 贾探春:1.0
尤二姐:1.0, 张华:1.0, 来旺:1.0, 王熙凤:1.0, 贾琏:1.0
史太君:1.0, 尤氏:1.0, 王夫人:1.0, 王熙凤:1.0, 秦可卿:1.0, 贾宝玉:1.0, 贾珍:1.0, 贾蓉:1.0, 贾蓉之妻:1.0
妙玉:1.0, 尤氏:1.0, 王夫人:1.0, 贾惜春:1.0, 贾政:1.0, 贾蓉:1.0
史太君:1.0, 林之孝:1.0, 贾宝玉:1.0, 贾政:1.0
入画:1.0, 司棋:1.0, 周瑞:1.0, 周瑞家的:1.0, 张妈:1.0, 李纨:1.0, 潘又安:1.0, 王善保家的:1.0, 王夫人:1.0, 王熙凤:1.0, 贾惜春:1.0, 贾探春:1.0, 贾珍:1.0, 贾迎春:1.0
平儿:1.0, 来旺:1.0, 王熙凤:1.0, 贾琏:1.0, 贾芹:1.0, 赖大:1.0
史太君:1.0, 李纨:1.0, 薛宝钗:1.0, 贾宝玉:1.0
史太君:1.0, 贾探春:1.0, 贾政:1.0, 赖尚荣:1.0
史湘云:1.0, 林黛玉:1.0, 贾宝玉:1.0
周瑞:1.0, 来旺:1.0, 贾琏:1.0
史太君:1.0, 秦可卿:1.0, 贾宝玉:1.0, 贾蓉:1.0, 贾蓉之妻:1.0
史太君:1.0, 周瑞:1.0, 周瑞家的:1.0, 贾宝玉:1.0, 贾政:1.0, 邢夫人:1.0
史太君:1.0, 平儿:1.0, 袭人:1.0, 贾宝玉:1.0, 贾琏:1.0, 贾赦:1.0, 鸳鸯:1.0
史太君:1.0, 四儿:1.0, 薛宝钗:1.0, 袭人:1.0, 贾宝玉:1.0, 麝月:1.0
李纨:1.0, 林黛玉:1.0, 薛宝钗:1.0, 贾宝玉:1.0, 贾惜春:1.0, 贾探春:1.0, 贾迎春:1.0
墨雨:1.0, 秦钟:1.0, 茗烟:1.0, 贾兰:1.0, 贾宝玉:1.0, 贾瑞:1.0, 贾菌:1.0, 锄药:1.0
尤氏:1.0, 林黛玉:1.0, 王夫人:1.0, 王熙凤:1.0, 袭人:1.0, 贾宝玉:1.0
史太君:1.0, 甄宝玉:1.0, 贾宝玉:1.0, 贾政:1.0
史太君:1.0, 王夫人:1.0, 王熙凤:1.0, 秦可卿:1.0, 贾瑞:1.0
王夫人:1.0, 王熙凤:1.0, 花自芳:1.0, 袭人:1.0
史太君:1.0, 李纨:1.0, 林黛玉:1.0, 蒋玉菡:1.0, 薛姨妈:1.0, 薛宝钗:1.0, 薛蟠:1.0, 贾宝玉:1.0, 贾惜春:1.0, 贾探春:1.0
丰儿:1.0, 刘姥姥:1.0, 史太君:1.0, 王夫人:1.0, 王熙凤:1.0, 薛姨妈:1.0, 鸳鸯:1.0
史太君:1.0, 王夫人:1.0, 王熙凤:1.0, 薛姨妈:1.0, 薛宝钗:1.0, 贾宝玉:1.0
史太君:1.0, 王夫人:1.0, 贾元春:1.0, 贾政:1.0, 贾蔷:1.0
史太君:1.0, 史湘云:1.0, 李纨:1.0, 林黛玉:1.0, 王熙凤:1.0, 琥珀:1.0, 薛宝琴:1.0, 薛宝钗:1.0, 贾宝玉:1.0, 贾探春:1.0, 鸳鸯:1.0
王夫人:1.0, 王熙凤:1.0, 薛姨妈:1.0, 薛蝌:1.0, 薛蟠:1.0, 贾政:1.0, 贾琏:1.0
刘姥姥:1.0, 史太君:1.0, 薛姨妈:1.0
甄宝玉:1.0, 薛宝钗:1.0, 袭人:1.0, 贾宝玉:1.0
尤氏:1.0, 平儿:1.0, 待书:1.0, 晴雯:1.0, 素云:1.0, 芳官:1.0, 蕊官:1.0, 薛宝钗:1.0, 藕官:1.0, 袭人:1.0, 香菱:1.0, 麝月:1.0
史太君:1.0, 秦可卿:1.0, 袭人:1.0, 贾宝玉:1.0
王夫人:1.0, 薛宝钗:1.0, 袭人:1.0, 金钏:1.0
林黛玉:1.0, 贾元春:1.0, 贾宝玉:1.0, 鸳鸯:1.0
史太君:1.0, 王熙凤:1.0, 秋纹:1.0, 薛宝钗:1.0, 贾宝玉:1.0
史湘云:1.0, 李纨:1.0, 林黛玉:1.0, 薛宝钗:1.0, 贾探春:1.0
史太君:1.0, 王熙凤:1.0, 薛姨妈:1.0, 贾宝玉:1.0, 贾珍:1.0
平儿:1.0, 王夫人:1.0, 王熙凤:1.0, 金钏:1.0
入画:1.0, 司棋:1.0, 晴雯:1.0, 林黛玉:1.0, 王夫人:1.0, 芳官:1.0, 薛宝钗:1.0, 袭人:1.0, 贾宝玉:1.0, 贾迎春:1.0
贾巧姐:1.0, 贾政:1.0
史太君:1.0, 平儿:1.0, 王熙凤:1.0, 贾琏:1.0, 鸳鸯:1.0
周瑞:1.0, 林之孝:1.0, 贾政:1.0, 贾琏:1.0, 赖大:1.0
史太君:1.0, 史湘云:1.0, 尤氏:1.0, 文官:1.0, 林黛玉:1.0, 王夫人:1.0, 王熙凤:1.0, 艾官:1.0, 芳官:1.0, 茄官:1.0, 葵官:1.0, 蕊官:1.0, 薛宝琴:1.0, 薛宝钗:1.0, 藕官:1.0, 豆官:1.0, 贾宝玉:1.0, 贾探春:1.0
平儿:1.0, 袭人:1.0, 邢夫人:1.0, 鸳鸯:1.0
史太君:1.0, 林黛玉:1.0, 王夫人:1.0, 王子腾:1.0, 薛蟠:1.0, 贾探春:1.0
史太君:1.0, 尤氏:1.0, 平儿:1.0, 李纨:1.0, 王熙凤:1.0
平儿:1.0, 莺儿:1.0, 薛宝钗:1.0, 贾雨村:1.0, 香菱:1.0
四儿:1.0, 春燕:1.0, 晴雯:1.0, 芳官:1.0, 袭人:1.0, 贾宝玉:1.0
春纤:1.0, 晴雯:1.0, 林黛玉:1.0
甄士隐:1.0, 贾宝玉:1.0
晴雯:1.0, 王夫人:1.0, 薛姨妈:1.0, 袭人:1.0, 贾兰:1.0, 贾宝玉:1.0, 贾政:1.0, 贾环:1.0
史太君:1.0, 尤氏:1.0, 晴雯:1.0, 李纨:1.0, 李贵:1.0, 王夫人:1.0, 薛姨妈:1.0, 薛蝌:1.0, 袭人:1.0, 贾宝玉:1.0, 贾政:1.0, 麝月:1.0
丰儿:1.0, 刘姥姥:1.0, 平儿:1.0, 彩云:1.0, 王夫人:1.0, 王熙凤:1.0, 贾巧姐:1.0, 青儿:1.0
晴雯:1.0, 王济仁:1.0, 贾宝玉:1.0
妙玉:1.0, 袭人:1.0, 贾宝玉:1.0, 邢岫烟:1.0
史太君:1.0, 史湘云:1.0, 李纨:1.0, 王熙凤:1.0, 翠缕:1.0, 袭人:1.0, 贾宝玉:1.0
林黛玉:1.0, 王仁:1.0, 贾宝玉:1.0, 贾政:1.0, 贾琏:1.0, 贾芸:1.0, 贾蔷:1.0, 邢德全:1.0
史太君:1.0, 水溶:1.0, 王熙凤:1.0, 贾宝玉:1.0
史太君:1.0, 林黛玉:1.0, 王夫人:1.0, 袭人:1.0, 贾宝玉:1.0, 贾政:1.0, 金钏:1.0
史太君:1.0, 待书:1.0, 李纨:1.0, 林黛玉:1.0, 王夫人:1.0, 王熙凤:1.0, 紫鹃:1.0, 雪雁:1.0
史湘云:1.0, 薛宝琴:1.0, 香菱:1.0
史太君:1.0, 平儿:1.0, 李纨:1.0, 林黛玉:1.0, 王夫人:1.0, 王熙凤:1.0, 薛宝钗:1.0, 袭人:1.0, 贾宝玉:1.0, 贾惜春:1.0, 贾政:1.0
傻大姐:1.0, 史太君:1.0, 平儿:1.0, 来旺:1.0, 王熙凤:1.0, 贾琏:1.0, 鸳鸯:1.0
司棋:1.0, 平儿:1.0, 彩云:1.0, 李纨:1.0, 林之孝:1.0, 林之孝家的:1.0, 柳家的:1.0, 玉钏:1.0, 秦显家的:1.0, 贾宝玉:1.0, 贾探春:1.0, 贾环:1.0, 赵姨娘:1.0
史太君:1.0, 王熙凤:1.0, 秦可卿:1.0
史太君:1.0, 周瑞:1.0, 周瑞家的:1.0, 尤二姐:1.0, 尤氏:1.0, 平儿:1.0, 王熙凤:1.0
尤三姐:1.0, 尤氏:1.0, 薛蟠:1.0, 贾琏:1.0, 鸳鸯:1.0
史太君:1.0, 史湘云:1.0, 平儿:1.0, 彩霞:1.0, 李纨:1.0, 王夫人:1.0, 王熙凤:1.0, 薛宝钗:1.0, 袭人:1.0, 贾宝玉:1.0, 贾惜春:1.0, 贾探春:1.0, 贾珠:1.0, 鸳鸯:1.0
史太君:1.0, 李贵:1.0, 林之孝:1.0, 王熙凤:1.0, 贾琏:1.0, 贾蓉:1.0, 贾赦:1.0, 赖大:1.0, 邢夫人:1.0
袭人:1.0, 贾宝玉:1.0, 鸳鸯:1.0, 麝月:1.0
贾元春:1.0, 贾琏:1.0, 贾芹:1.0, 赖大:1.0
李嬷嬷:1.0, 茜雪:1.0, 袭人:1.0, 贾宝玉:1.0
王熙凤:1.0, 贾瑞:1.0, 贾蔷:1.0
史太君:1.0, 史湘云:1.0, 周瑞:1.0, 周瑞家的:1.0, 喜鸾:1.0, 四姐:1.0, 尤氏:1.0, 平儿:1.0, 李纨:1.0, 林黛玉:1.0, 王夫人:1.0, 王熙凤:1.0, 玻璃:1.0, 琥珀:1.0, 薛姨妈:1.0, 薛宝琴:1.0, 薛宝钗:1.0, 贾宝玉:1.0, 贾惜春:1.0, 贾探春:1.0, 贾政:1.0, 贾琏:1.0, 贾琼:1.0, 贾赦:1.0, 贾迎春:1.0, 赖大:1.0, 邢夫人:1.0, 鸳鸯:1.0
周瑞:1.0, 周瑞家的:1.0, 夏金桂:1.0, 宝蟾:1.0, 李纨:1.0, 王夫人:1.0, 薛姨妈:1.0, 薛宝琴:1.0, 薛宝钗:1.0, 贾琏:1.0
史太君:1.0, 尤氏:1.0, 李纨:1.0, 袭人:1.0, 贾宝玉:1.0
林黛玉:1.0, 王夫人:1.0, 薛宝钗:1.0, 贾宝玉:1.0
王夫人:1.0, 王熙凤:1.0, 珍珠:1.0, 贾宝玉:1.0
史太君:1.0, 林黛玉:1.0, 薛宝钗:1.0, 贾宝玉:1.0, 贾惜春:1.0, 贾探春:1.0, 贾迎春:1.0
王熙凤:1.0, 贾瑞:1.0, 贾蓉:1.0
傻大姐:1.0, 史太君:1.0, 司棋:1.0, 尤氏:1.0, 王夫人:1.0, 王熙凤:1.0, 贾探春:1.0, 贾政:1.0, 贾琏:1.0, 贾赦:1.0, 贾迎春:1.0, 赵姨娘:1.0, 邢夫人:1.0
柳五儿:1.0, 薛宝钗:1.0, 袭人:1.0, 贾宝玉:1.0, 麝月:1.0
冯渊:1.0, 拐子:1.0, 薛蟠:1.0, 贾雨村:1.0
贾宝玉:1.0, 贾蔷:1.0, 龄官:1.0
史太君:1.0, 王夫人:1.0, 王熙凤:1.0, 薛姨妈:1.0, 邢夫人:1.0, 鸳鸯:1.0
王子腾:1.0, 薛蟠:1.0
倪二:1.0, 王短腿:1.0, 贾芸:1.0
智通:1.0, 贾雨村:1.0
史太君:1.0, 晴雯:1.0, 秋纹:1.0, 袭人:1.0, 贾宝玉:1.0
史太君:1.0, 李婶:1.0, 李纨:1.0, 李纹:1.0, 李绮:1.0, 王夫人:1.0
史太君:1.0, 尤氏:1.0, 尤老娘:1.0, 王夫人:1.0, 王熙凤:1.0, 贾宝玉:1.0, 贾敬:1.0, 贾珍:1.0, 贾琏:1.0, 贾蓉:1.0, 贾赦:1.0, 邢夫人:1.0
薛宝钗:1.0, 袭人:1.0, 贾宝玉:1.0, 贾探春:1.0, 贾环:1.0, 赵姨娘:1.0
李纨:1.0, 林黛玉:1.0, 薛宝钗:1.0, 贾宝玉:1.0, 贾探春:1.0
史太君:1.0, 李纨:1.0, 林黛玉:1.0, 王夫人:1.0, 王熙凤:1.0, 贾宝玉:1.0, 贾探春:1.0, 贾政:1.0
李纨:1.0, 王夫人:1.0, 薛宝钗:1.0, 袭人:1.0, 贾兰:1.0, 贾宝玉:1.0, 贾巧姐:1.0, 贾惜春:1.0, 贾探春:1.0, 贾环:1.0
尤氏:1.0, 李纨:1.0, 王熙凤:1.0, 贾宝玉:1.0, 贾珩:1.0, 贾菖:1.0, 贾菱:1.0
丰儿:1.0, 王熙凤:1.0, 琥珀:1.0, 贾惜春:1.0, 贾琏:1.0
史太君:1.0, 林黛玉:1.0, 王夫人:1.0, 王子腾:1.0, 王熙凤:1.0, 薛宝钗:1.0, 袭人:1.0, 贾宝玉:1.0, 贾探春:1.0, 贾政:1.0, 贾琏:1.0
倪二:1.0, 冷子兴:1.0, 周瑞:1.0, 贾宝玉:1.0, 贾芸:1.0
史太君:1.0, 晴雯:1.0, 王夫人:1.0, 薛宝琴:1.0, 贾宝玉:1.0, 金彩:1.0, 鸳鸯:1.0, 麝月:1.0
侯孝康:1.0, 侯晓明:1.0, 冯紫英:1.0, 卫若兰:1.0, 史鼎:1.0, 戚建辉:1.0, 柳彪:1.0, 柳芳:1.0, 牛清:1.0, 牛继宗:1.0, 石光珠:1.0, 蒋子宁:1.0, 裘良:1.0, 谢鲸:1.0, 陈也俊:1.0, 陈瑞文:1.0, 陈翼:1.0, 马尚:1.0, 马魁:1.0
史湘云:1.0, 林黛玉:1.0, 紫鹃:1.0, 贾宝玉:1.0
周姨娘:1.0, 李纨:1.0, 林黛玉:1.0, 王夫人:1.0, 王熙凤:1.0, 薛宝钗:1.0, 贾宝玉:1.0, 赵姨娘:1.0
林黛玉:1.0, 王夫人:1.0, 王熙凤:1.0, 薛宝钗:1.0, 贾宝玉:1.0, 贾探春:1.0, 贾迎春:1.0
史太君:1.0, 尤二姐:1.0, 平儿:1.0, 王熙凤:1.0, 秋桐:1.0, 贾赦:1.0
封氏:1.0, 甄士隐:1.0, 贾雨村:1.0, 霍启:1.0, 香菱:1.0
彩屏:1.0, 李纨:1.0, 王夫人:1.0, 秋纹:1.0, 紫鹃:1.0, 薛宝钗:1.0, 袭人:1.0, 贾兰:1.0, 贾宝玉:1.0, 贾惜春:1.0, 贾环:1.0
贾宝玉:1.0, 邢岫烟:1.0
李纨:1.0, 林黛玉:1.0, 薛宝琴:1.0
晴雯:1.0, 林黛玉:1.0, 王熙凤:1.0, 秋纹:1.0, 薛宝钗:1.0, 袭人:1.0, 贾宝玉:1.0, 麝月:1.0
史太君:1.0, 周瑞:1.0, 王熙凤:1.0, 琥珀:1.0, 贾惜春:1.0, 贾芸:1.0, 鸳鸯:1.0
晴雯:1.0, 李纨:1.0, 薛宝钗:1.0, 袭人:1.0, 贾宝玉:1.0, 邢夫人:1.0, 麝月:1.0
小红:1.0, 李纨:1.0, 王夫人:1.0, 王熙凤:1.0, 贾宝玉:1.0, 赖大:1.0
史太君:1.0, 史湘云:1.0, 林黛玉:1.0, 紫鹃:1.0, 翠墨:1.0, 翠缕:1.0, 贾惜春:1.0, 贾探春:1.0, 雪雁:1.0
晴雯:1.0, 林黛玉:1.0, 芳官:1.0, 袭人:1.0, 贾宝玉:1.0, 赵姨娘:1.0
李贵:1.0, 茗烟:1.0, 贾宝玉:1.0
林黛玉:1.0, 王熙凤:1.0, 薛宝钗:1.0, 贾宝玉:1.0, 靛儿:1.0
丰儿:1.0, 刘姥姥:1.0, 史太君:1.0, 小红:1.0, 平儿:1.0, 王熙凤:1.0, 秋桐:1.0, 贾巧姐:1.0, 贾琏:1.0, 青儿:1.0
李纨:1.0, 林黛玉:1.0, 紫鹃:1.0, 贾宝玉:1.0, 贾探春:1.0
贾宝玉:1.0, 贾政:1.0, 贾环:1.0, 贾赦:1.0
妙玉:1.0, 平儿:1.0, 彩屏:1.0, 王熙凤:1.0, 贾惜春:1.0
尤氏:1.0, 李贵:1.0, 王夫人:1.0, 王熙凤:1.0, 贾宝玉:1.0, 贾珍:1.0, 贾瑞:1.0, 邢夫人:1.0
史太君:1.0, 尤氏:1.0, 李纨:1.0, 王夫人:1.0, 王熙凤:1.0, 薛宝钗:1.0, 贾政:1.0, 贾珍:1.0, 贾蓉:1.0, 贾蓉之妻:1.0, 贾赦:1.0, 邢夫人:1.0
王夫人:1.0, 贾元春:1.0, 贾政:1.0, 贾琏:1.0, 贾芹:1.0, 赖大:1.0
史太君:1.0, 晴雯:1.0, 林黛玉:1.0, 王夫人:1.0, 袭人:1.0, 贾宝玉:1.0, 贾政:1.0, 麝月:1.0
平儿:1.0, 王夫人:1.0, 王熙凤:1.0, 贾琏:1.0, 贾蓉:1.0, 赵嬷嬷:1.0
史太君:1.0, 王夫人:1.0, 王熙凤:1.0, 贾琏:1.0
俞禄:1.0, 史太君:1.0, 尤二姐:1.0, 尤氏:1.0, 尤老娘:1.0, 张华:1.0, 王熙凤:1.0, 贾珍:1.0, 贾琏:1.0, 贾蓉:1.0
丰儿:1.0, 刘姥姥:1.0, 史太君:1.0, 李纨:1.0, 板儿:1.0, 王熙凤:1.0, 素云:1.0, 翡翠:1.0
平儿:1.0, 王夫人:1.0, 贾巧姐:1.0, 贾环:1.0, 贾芸:1.0, 贾蔷:1.0, 邢夫人:1.0
林黛玉:1.0, 王夫人:1.0, 甄宝玉:1.0, 紫鹃:1.0, 贾兰:1.0, 贾宝玉:1.0, 贾政:1.0, 贾环:1.0
尤氏:1.0, 贾珍:1.0, 贾芹:1.0, 贾蓉:1.0
住儿:1.0, 周瑞:1.0, 周瑞家的:1.0, 平儿:1.0, 来旺:1.0
周瑞:1.0, 秦钟:1.0, 贾宝玉:1.0, 香菱:1.0
李纨:1.0, 王夫人:1.0, 薛姨妈:1.0, 薛宝钗:1.0, 薛蝌:1.0, 薛蟠:1.0, 袭人:1.0, 贾兰:1.0, 贾宝玉:1.0, 贾政:1.0, 香菱:1.0
平儿:1.0, 王熙凤:1.0, 贾蓉:1.0, 贾蔷:1.0, 赵嬷嬷:1.0
秦业:1.0, 秦钟:1.0, 贾代儒:1.0, 贾宝玉:1.0, 贾蓉:1.0
林黛玉:1.0, 贾探春:1.0, 香菱:1.0
史太君:1.0, 周瑞:1.0, 来旺:1.0, 王夫人:1.0, 王熙凤:1.0, 袭人:1.0, 贾宝玉:1.0, 贾琏:1.0, 鸳鸯:1.0
刘姥姥:1.0, 板儿:1.0
丰儿:1.0, 平儿:1.0, 王熙凤:1.0, 贾探春:1.0
史太君:1.0, 女先儿:1.0, 尤氏:1.0, 李纨:1.0, 水溶:1.0, 翠墨:1.0, 袭人:1.0, 贾宝玉:1.0, 贾探春:1.0
史太君:1.0, 史湘云:1.0, 晴雯:1.0, 林黛玉:1.0, 王夫人:1.0, 薛宝钗:1.0, 贾宝玉:1.0, 贾惜春:1.0, 贾探春:1.0, 贾迎春:1.0
尤三姐:1.0, 王熙凤:1.0, 茗烟:1.0, 贾琏:1.0
史湘云:1.0, 李纹:1.0, 李绮:1.0, 林黛玉:1.0, 薛宝钗:1.0, 贾探春:1.0, 雪雁:1.0
史太君:1.0, 王君效:1.0, 王济仁:1.0, 贾宝玉:1.0, 贾珍:1.0, 贾琏:1.0, 贾蓉:1.0
王夫人:1.0, 薛宝钗:1.0, 贾宝玉:1.0, 贾政:1.0, 贾珍:1.0, 贾赦:1.0
史湘云:1.0, 林黛玉:1.0, 紫鹃:1.0, 翠缕:1.0, 袭人:1.0, 贾宝玉:1.0
司棋:1.0, 春燕:1.0, 柳五儿:1.0, 柳家的:1.0, 芳官:1.0, 莲花儿:1.0, 贾迎春:1.0
净虚:1.0, 史太君:1.0, 智能:1.0, 王夫人:1.0, 王熙凤:1.0, 秦钟:1.0, 贾宝玉:1.0, 贾珍:1.0
尤氏:1.0, 晴雯:1.0, 林黛玉:1.0, 茗烟:1.0, 贾珍:1.0, 贾蓉:1.0
史太君:1.0, 李贵:1.0, 王夫人:1.0, 贾宝玉:1.0, 贾政:1.0, 邢夫人:1.0
史太君:1.0, 林黛玉:1.0, 王熙凤:1.0, 翡翠:1.0, 贾琏:1.0, 贾赦:1.0
史太君:1.0, 林黛玉:1.0, 王夫人:1.0, 王熙凤:1.0, 薛姨妈:1.0, 薛宝钗:1.0, 袭人:1.0, 贾宝玉:1.0
宝官:1.0, 玉官:1.0, 贾元春:1.0, 贾宝玉:1.0, 贾蔷:1.0, 龄官:1.0
史太君:1.0, 尤氏:1.0, 平儿:1.0, 彩云:1.0, 李纨:1.0, 王夫人:1.0, 王熙凤:1.0, 鸳鸯:1.0
史太君:1.0, 史湘云:1.0, 晴雯:1.0, 秋纹:1.0, 袭人:1.0, 贾宝玉:1.0, 贾探春:1.0, 麝月:1.0
史太君:1.0, 小红:1.0, 平儿:1.0, 晴雯:1.0, 柳五儿:1.0, 柳家的:1.0, 王夫人:1.0, 王熙凤:1.0, 薛宝钗:1.0, 袭人:1.0, 贾宝玉:1.0, 贾琏:1.0, 麝月:1.0
史太君:1.0, 吴新登:1.0, 李纨:1.0, 王夫人:1.0, 王熙凤:1.0, 袭人:1.0, 贾探春:1.0, 赵国基:1.0, 赵姨娘:1.0
史太君:1.0, 尤氏:1.0, 王夫人:1.0, 王熙凤:1.0, 薛姨妈:1.0, 薛宝钗:1.0, 贾宝玉:1.0, 赖大:1.0, 赖大的母亲:1.0, 邢夫人:1.0
花自芳:1.0, 袭人:1.0, 贾宝玉:1.0
小吉祥儿:1.0, 林黛玉:1.0, 玉钏:1.0, 紫鹃:1.0, 贾宝玉:1.0, 雪雁:1.0
宝珠:1.0, 瑞珠:1.0, 秦可卿:1.0, 薛蟠:1.0, 贾政:1.0, 贾珍:1.0
史太君:1.0, 贾政:1.0, 贾珍:1.0, 贾琏:1.0, 贾赦:1.0, 赖大:1.0
史太君:1.0, 王夫人:1.0, 王熙凤:1.0, 贾宝玉:1.0
史太君:1.0, 史湘云:1.0, 尤氏:1.0, 待书:1.0, 李纨:1.0, 林黛玉:1.0, 王善保家的:1.0, 王夫人:1.0, 王熙凤:1.0, 琥珀:1.0, 薛宝琴:1.0, 薛宝钗:1.0, 贾兰:1.0, 贾宝玉:1.0, 贾惜春:1.0, 贾探春:1.0, 贾蓉:1.0, 贾蓉之妻:1.0, 贾赦:1.0, 邢夫人:1.0, 银蝶:1.0, 鸳鸯:1.0
王夫人:1.0, 贾宝玉:1.0, 贾政:1.0, 贾赦:1.0, 贾迎春:1.0
史太君:1.0, 李纨:1.0, 林黛玉:1.0, 王夫人:1.0, 薛宝钗:1.0, 香菱:1.0
王夫人:1.0, 甄宝玉:1.0, 薛姨妈:1.0, 贾元春:1.0, 贾兰:1.0, 贾宝玉:1.0, 贾赦:1.0
坠儿:1.0, 小红:1.0, 林黛玉:1.0, 薛宝钗:1.0, 贾宝玉:1.0
史太君:1.0, 王夫人:1.0, 王子腾:1.0, 薛姨妈:1.0, 贾芸:1.0, 邢夫人:1.0
小红:1.0, 张材家的:1.0, 李纨:1.0, 来旺:1.0, 王熙凤:1.0
拐子:1.0, 薛蟠:1.0, 香菱:1.0
宝珠:1.0, 尤氏:1.0, 王熙凤:1.0, 秦可卿:1.0
史太君:1.0, 周瑞:1.0, 文官:1.0, 林之孝:1.0, 王熙凤:1.0, 贾芸:1.0
史太君:1.0, 尤三姐:1.0, 尤氏:1.0, 彩云:1.0, 李纨:1.0, 林之孝:1.0, 王信:1.0, 王夫人:1.0, 王熙凤:1.0, 琥珀:1.0, 贾宝玉:1.0, 贾环:1.0, 贾琏:1.0, 鸳鸯:1.0
李纨:1.0, 王夫人:1.0, 王熙凤:1.0
史太君:1.0, 史湘云:1.0, 王夫人:1.0, 薛宝钗:1.0, 贾宝玉:1.0, 香菱:1.0
贾宝玉:1.0, 贾惜春:1.0
刘姥姥:1.0, 史湘云:1.0, 贾宝玉:1.0, 鸳鸯:1.0
晴雯:1.0, 芳官:1.0, 麝月:1.0
史太君:1.0, 林黛玉:1.0, 秋纹:1.0, 紫鹃:1.0, 薛宝钗:1.0, 袭人:1.0, 贾宝玉:1.0
史太君:1.0, 水溶:1.0, 王夫人:1.0, 贾政:1.0, 贾珍:1.0, 贾赦:1.0, 邢夫人:1.0
史太君:1.0, 尤氏:1.0, 林黛玉:1.0, 王夫人:1.0, 王熙凤:1.0, 莺儿:1.0, 薛宝钗:1.0, 袭人:1.0, 贾宝玉:1.0, 贾政:1.0, 雪雁:1.0
冯渊:1.0, 拐子:1.0, 薛蟠:1.0, 贾雨村:1.0, 香菱:1.0
史太君:1.0, 尤氏:1.0, 王夫人:1.0, 王熙凤:1.0, 贾宝玉:1.0, 贾珍:1.0, 邢夫人:1.0
柳五儿:1.0, 柳家的:1.0, 玻璃:1.0, 芳官:1.0, 贾宝玉:1.0
李纨:1.0, 林黛玉:1.0, 袭人:1.0, 贾宝玉:1.0, 贾探春:1.0, 麝月:1.0
司棋:1.0, 平儿:1.0, 王熙凤:1.0, 贾琏:1.0, 鸳鸯:1.0
史太君:1.0, 尤二姐:1.0, 尤氏:1.0, 王熙凤:1.0
史太君:1.0, 宋嬷嬷:1.0, 晴雯:1.0, 李嬷嬷:1.0, 林黛玉:1.0, 王夫人:1.0, 王济仁:1.0, 紫鹃:1.0, 袭人:1.0, 贾宝玉:1.0
平儿:1.0, 秋纹:1.0, 薛宝钗:1.0, 袭人:1.0, 贾宝玉:1.0, 贾巧姐:1.0
林黛玉:1.0, 王夫人:1.0
史太君:1.0, 王夫人:1.0, 王熙凤:1.0, 贾元春:1.0, 贾宝玉:1.0, 贾政:1.0, 贾赦:1.0, 邢夫人:1.0
李公子:1.0, 王熙凤:1.0, 金哥:1.0
尤氏:1.0, 薛蟠:1.0, 贾宝玉:1.0, 贾珍:1.0, 贾琏:1.0
薛宝琴:1.0, 贾探春:1.0
林黛玉:1.0, 王熙凤:1.0, 紫鹃:1.0, 香菱:1.0
贾宝玉:1.0, 金钏:1.0
王夫人:1.0, 王熙凤:1.0, 贾宝玉:1.0, 贾珍:1.0, 邢夫人:1.0
史太君:1.0, 王夫人:1.0, 袭人:1.0, 贾宝玉:1.0, 鸳鸯:1.0
林黛玉:1.0, 紫鹃:1.0, 贾宝玉:1.0, 贾探春:1.0, 贾赦:1.0
佳蕙:1.0, 史太君:1.0, 小红:1.0, 晴雯:1.0, 绮霰:1.0, 袭人:1.0, 贾宝玉:1.0
夏金桂:1.0, 贾宝玉:1.0, 贾政:1.0
史太君:1.0, 平儿:1.0, 贾宝玉:1.0, 贾探春:1.0, 贾环:1.0, 赵姨娘:1.0
刘姥姥:1.0, 周瑞:1.0, 周瑞家的:1.0, 平儿:1.0, 板儿:1.0, 王熙凤:1.0
尤氏:1.0, 李纨:1.0, 林之孝:1.0, 林之孝家的:1.0, 王熙凤:1.0, 赵姨娘:1.0
史太君:1.0, 尤二姐:1.0, 尤氏:1.0, 李纨:1.0, 王熙凤:1.0, 贾琏:1.0
贾元春:1.0, 贾政:1.0, 贾珍:1.0, 贾琏:1.0, 贾赦:1.0
史太君:1.0, 李纨:1.0, 林黛玉:1.0, 王夫人:1.0, 贾宝玉:1.0, 贾探春:1.0
水溶:1.0, 王夫人:1.0, 贾元春:1.0, 贾兰:1.0, 贾巧姐:1.0, 贾环:1.0, 贾珍:1.0, 贾赦:1.0
史太君:1.0, 史湘云:1.0, 李纨:1.0, 贾宝玉:1.0
丰儿:1.0, 史太君:1.0, 平儿:1.0, 王夫人:1.0, 王熙凤:1.0, 袭人:1.0, 贾宝玉:1.0, 贾环:1.0, 赵姨娘:1.0, 邢夫人:1.0
王济仁:1.0, 贾珍:1.0, 贾琏:1.0
史太君:1.0, 四儿:1.0, 多官:1.0, 晴雯:1.0, 王夫人:1.0, 秋纹:1.0, 芳官:1.0, 袭人:1.0, 贾宝玉:1.0, 贾琏:1.0, 赖大:1.0, 赖大的母亲:1.0, 麝月:1.0
云光:1.0, 来旺:1.0, 王熙凤:1.0, 贾琏:1.0
卜世仁:1.0, 贾芸:1.0
小红:1.0, 平儿:1.0, 李纨:1.0, 王熙凤:1.0
秦业:1.0, 秦钟:1.0, 贾宝玉:1.0
周姨娘:1.0, 贾政:1.0, 贾环:1.0, 赵姨娘:1.0
史太君:1.0, 同贵:1.0, 夏金桂:1.0, 李纨:1.0, 薛姨妈:1.0, 薛宝钗:1.0, 薛蟠:1.0
史太君:1.0, 林黛玉:1.0, 紫鹃:1.0, 贾宝玉:1.0
柳家的:1.0, 钱槐:1.0
史太君:1.0, 李纨:1.0, 林黛玉:1.0, 薛宝钗:1.0, 贾宝玉:1.0, 贾惜春:1.0, 贾探春:1.0, 贾政:1.0, 贾迎春:1.0
倪二:1.0, 方椿:1.0, 水溶:1.0, 王熙凤:1.0, 绮霰:1.0, 贾宝玉:1.0, 贾芸:1.0
史太君:1.0, 李纨:1.0, 薛姨妈:1.0, 薛宝钗:1.0, 薛蝌:1.0, 贾元春:1.0
李纨:1.0, 林黛玉:1.0, 王熙凤:1.0, 薛宝钗:1.0, 贾宝玉:1.0
贾宝玉:1.0, 香菱:1.0
四儿:1.0, 袭人:1.0, 贾宝玉:1.0
史太君:1.0, 彩云:1.0, 李纨:1.0, 来旺:1.0, 玉钏:1.0, 王夫人:1.0, 王熙凤:1.0, 贾政:1.0, 贾琏:1.0, 邢夫人:1.0, 鸳鸯:1.0
史太君:1.0, 薛宝钗:1.0, 贾元春:1.0, 贾惜春:1.0, 贾探春:1.0, 贾政:1.0, 贾迎春:1.0
史太君:1.0, 李嬷嬷:1.0, 林黛玉:1.0, 王嬷嬷:1.0, 袭人:1.0, 贾宝玉:1.0, 贾迎春:1.0, 雪雁:1.0
净虚:1.0, 史太君:1.0, 宝珠:1.0, 智善:1.0, 智能:1.0, 王夫人:1.0, 王熙凤:1.0, 秦业:1.0, 秦可卿:1.0, 秦钟:1.0, 胡老爷:1.0, 贾宝玉:1.0, 贾珍:1.0, 贾蓉:1.0
史太君:1.0, 尤二姐:1.0, 平儿:1.0, 李纨:1.0, 王夫人:1.0, 王熙凤:1.0, 秋桐:1.0, 贾惜春:1.0, 贾琏:1.0, 贾赦:1.0, 贾迎春:1.0
史太君:1.0, 王夫人:1.0, 王熙凤:1.0, 薛姨妈:1.0, 詹光:1.0, 贾宝玉:1.0, 贾巧姐:1.0, 贾政:1.0, 贾赦:1.0, 邢夫人:1.0
史太君:1.0, 史湘云:1.0, 小红:1.0, 柳五儿:1.0, 柳家的:1.0, 王夫人:1.0, 王熙凤:1.0, 薛姨妈:1.0, 薛宝钗:1.0, 袭人:1.0, 贾宝玉:1.0, 贾巧姐:1.0, 贾政:1.0
王夫人:1.0, 贾宝玉:1.0, 贾政:1.0, 贾琏:1.0
史太君:1.0, 史湘云:1.0, 林黛玉:1.0
史湘云:1.0, 妙玉:1.0, 林黛玉:1.0
史太君:1.0, 史湘云:1.0, 林黛玉:1.0, 薛宝钗:1.0, 贾宝玉:1.0
平儿:1.0, 袭人:1.0, 贾宝玉:1.0, 贾琏:1.0
焦大:1.0, 薛蝌:1.0, 贾政:1.0, 贾珍:1.0, 贾蓉:1.0
史湘云:1.0, 薛宝琴:1.0
尤二姐:1.0, 贾蓉:1.0, 贾赦:1.0
刘姥姥:1.0, 周瑞:1.0, 周瑞家的:1.0, 王夫人:1.0, 薛姨妈:1.0, 金钏:1.0
史太君:1.0, 史湘云:1.0, 林黛玉:1.0, 梅翰林:1.0, 紫鹃:1.0, 袭人:1.0, 贾兰:1.0, 贾宝玉:1.0, 鸳鸯:1.0
夏金桂:1.0, 宝蟾:1.0, 薛宝琴:1.0, 薛蝌:1.0, 香菱:1.0
史太君:1.0, 文官:1.0, 王夫人:1.0, 王熙凤:1.0, 薛姨妈:1.0, 薛宝钗:1.0, 贾宝玉:1.0, 鸳鸯:1.0
冯紫英:1.0, 尤氏:1.0, 秦可卿:1.0, 贾珍:1.0, 贾蓉:1.0
史太君:1.0, 李嬷嬷:1.0, 林黛玉:1.0, 薛姨妈:1.0, 薛宝钗:1.0, 贾宝玉:1.0
史太君:1.0, 李纨:1.0, 李贵:1.0, 王熙凤:1.0, 茗烟:1.0, 贾宝玉:1.0
平儿:1.0, 王仁:1.0, 王子胜:1.0, 王熙凤:1.0, 贾宝玉:1.0, 贾琏:1.0
史太君:1.0, 四儿:1.0, 晴雯:1.0, 李纨:1.0, 林黛玉:1.0, 秋纹:1.0, 芳官:1.0, 茗烟:1.0, 袭人:1.0, 贾宝玉:1.0, 贾珍:1.0, 麝月:1.0
史太君:1.0, 平儿:1.0, 王夫人:1.0, 王熙凤:1.0, 珍珠:1.0, 袭人:1.0, 贾宝玉:1.0
珍珠:1.0, 翡翠:1.0
史太君:1.0, 林黛玉:1.0, 紫鹃:1.0, 薛宝钗:1.0, 贾宝玉:1.0, 鸳鸯:1.0
史太君:1.0, 柳五儿:1.0, 王夫人:1.0, 珍珠:1.0, 秋纹:1.0, 贾宝玉:1.0
贾政:1.0, 贾珍:1.0, 贾赦:1.0
芳官:1.0, 薛宝钗:1.0
李纨:1.0, 贾宝玉:1.0
林黛玉:1.0, 翠墨:1.0, 薛宝钗:1.0, 贾宝玉:1.0, 贾惜春:1.0, 贾迎春:1.0
周瑞:1.0, 周瑞家的:1.0, 夏金桂:1.0, 薛姨妈:1.0, 薛宝钗:1.0, 贾琏:1.0, 香菱:1.0
贾宝玉:1.0, 贾政:1.0, 贾环:1.0, 贾琏:1.0, 赖大:1.0, 金钏:1.0
贾宝玉:1.0, 贾琏:1.0, 赖大:1.0
小红:1.0, 王熙凤:1.0, 贾芸:1.0
司棋:1.0, 平儿:1.0, 彩云:1.0, 晴雯:1.0, 林之孝:1.0, 林之孝家的:1.0, 柳五儿:1.0, 柳家的:1.0, 玉钏:1.0, 王熙凤:1.0, 芳官:1.0, 袭人:1.0, 贾宝玉:1.0, 贾探春:1.0, 贾环:1.0, 贾赦:1.0, 赵姨娘:1.0
史太君:1.0, 水溶:1.0, 贾兰:1.0, 贾宝玉:1.0, 贾政:1.0, 贾环:1.0, 贾珍:1.0, 贾琏:1.0, 贾芝:1.0, 贾蓉:1.0, 贾蔷:1.0, 贾赦:1.0, 赖大:1.0
平儿:1.0, 李纨:1.0, 王夫人:1.0, 王熙凤:1.0, 贾探春:1.0
史湘云:1.0, 薛宝钗:1.0
贾惜春:1.0, 贾政:1.0
袭人:1.0, 鸳鸯:1.0
单大良:1.0, 史太君:1.0, 吴新登:1.0, 林之孝:1.0, 王夫人:1.0, 王子腾:1.0, 王熙凤:1.0, 薛姨妈:1.0, 贾宝玉:1.0, 赖大:1.0, 邢夫人:1.0
柳家的:1.0, 芳官:1.0, 蝉姐:1.0, 贾宝玉:1.0
晴雯:1.0, 李纨:1.0, 林黛玉:1.0, 芳官:1.0, 薛姨妈:1.0, 薛宝钗:1.0, 袭人:1.0, 贾宝玉:1.0, 贾探春:1.0, 香菱:1.0
史太君:1.0, 王夫人:1.0, 王熙凤:1.0, 贾元春:1.0, 贾宝玉:1.0, 贾政:1.0, 贾环:1.0, 邢夫人:1.0, 鸳鸯:1.0
丰儿:1.0, 史太君:1.0, 晴雯:1.0, 李嬷嬷:1.0, 林黛玉:1.0, 王熙凤:1.0, 茜雪:1.0, 薛宝钗:1.0, 袭人:1.0, 贾宝玉:1.0
平儿:1.0, 贾琏:1.0, 邢夫人:1.0
四儿:1.0, 春燕:1.0, 晴雯:1.0, 李纨:1.0, 林黛玉:1.0, 芳官:1.0, 薛宝钗:1.0, 袭人:1.0, 贾宝玉:1.0, 麝月:1.0
周瑞:1.0, 周瑞家的:1.0, 尤氏:1.0, 王夫人:1.0, 王熙凤:1.0, 袭人:1.0
李纨:1.0, 袭人:1.0, 贾探春:1.0, 贾环:1.0, 赵国基:1.0, 赵姨娘:1.0
尤氏:1.0, 平儿:1.0, 春燕:1.0, 晴雯:1.0, 李纨:1.0, 贾探春:1.0, 赵姨娘:1.0
史太君:1.0, 史湘云:1.0, 李婶:1.0, 李纨:1.0, 林黛玉:1.0, 王夫人:1.0, 王熙凤:1.0, 紫鹃:1.0, 薛宝琴:1.0, 贾兰:1.0, 贾宝玉:1.0, 贾惜春:1.0, 贾探春:1.0, 贾政:1.0, 贾环:1.0, 贾赦:1.0, 邢夫人:1.0, 邢岫烟:1.0, 雪雁:1.0
晴雯:1.0, 薛宝钗:1.0, 袭人:1.0, 贾宝玉:1.0, 麝月:1.0
倪二:1.0, 卜世仁:1.0, 贾芸:1.0, 银姐:1.0
史太君:1.0, 尤二姐:1.0, 贾蓉:1.0
史太君:1.0, 尤二姐:1.0, 李纨:1.0, 柳五儿:1.0, 柳湘莲:1.0, 王熙凤:1.0, 袭人:1.0, 贾宝玉:1.0, 贾探春:1.0
史太君:1.0, 妙玉:1.0, 林黛玉:1.0
柳五儿:1.0, 柳家的:1.0, 贾环:1.0, 赵姨娘:1.0, 钱槐:1.0
史太君:1.0, 彩霞:1.0, 来旺:1.0, 王熙凤:1.0, 贾元春:1.0, 贾琏:1.0
史太君:1.0, 邢夫人:1.0, 鸳鸯:1.0
史太君:1.0, 王夫人:1.0, 王熙凤:1.0, 薛姨妈:1.0, 贾探春:1.0, 鸳鸯:1.0
臻儿:1.0, 贾宝玉:1.0, 香菱:1.0
周氏:1.0, 王夫人:1.0, 王熙凤:1.0, 贾元春:1.0, 贾政:1.0, 贾琏:1.0, 贾芹:1.0
史太君:1.0, 平儿:1.0, 李纨:1.0, 王熙凤:1.0, 玻璃:1.0, 贾探春:1.0
渺渺真人:1.0, 甄士隐:1.0, 茫茫大士:1.0, 贾元春:1.0, 贾宝玉:1.0, 贾雨村:1.0
王熙凤:1.0, 贾琏:1.0, 贾蓉:1.0, 贾蔷:1.0
春燕:1.0, 芳官:1.0, 蕊官:1.0, 贾宝玉:1.0, 贾环:1.0
史太君:1.0, 王夫人:1.0, 贾琏:1.0
史湘云:1.0, 林黛玉:1.0, 薛宝琴:1.0, 薛宝钗:1.0, 贾宝玉:1.0
史太君:1.0, 墨雨:1.0, 林黛玉:1.0, 袭人:1.0, 贾兰:1.0, 贾宝玉:1.0, 贾政:1.0, 贾环:1.0
刘姥姥:1.0, 史太君:1.0, 茗烟:1.0, 贾宝玉:1.0
晴雯:1.0, 王济仁:1.0, 玻璃:1.0, 芳官:1.0, 贾宝玉:1.0, 贾惜春:1.0, 麝月:1.0
史太君:1.0, 平儿:1.0, 王夫人:1.0, 王熙凤:1.0, 薛宝钗:1.0, 贾宝玉:1.0, 贾政:1.0, 贾琏:1.0, 贾赦:1.0, 鸳鸯:1.0
平儿:1.0, 林黛玉:1.0, 王熙凤:1.0, 袭人:1.0, 贾宝玉:1.0, 贾琏:1.0, 金钏:1.0
史太君:1.0, 史湘云:1.0, 蒋玉菡:1.0, 薛姨妈:1.0, 薛宝钗:1.0, 薛蟠:1.0, 袭人:1.0, 贾宝玉:1.0, 金钏:1.0, 香菱:1.0
史太君:1.0, 娄氏:1.0, 李婶:1.0, 林之孝:1.0, 林之孝家的:1.0, 王熙凤:1.0, 薛姨妈:1.0, 贾珍:1.0, 贾琏:1.0, 贾芸:1.0, 贾芹:1.0, 贾菌:1.0, 贾菖:1.0, 贾菱:1.0
王熙凤:1.0, 贾元春:1.0, 贾琏:1.0
史太君:1.0, 史湘云:1.0, 李婶:1.0, 林黛玉:1.0, 薛姨妈:1.0, 薛宝琴:1.0, 薛宝钗:1.0, 贾宝玉:1.0, 鸳鸯:1.0
史湘云:1.0, 林黛玉:1.0, 翠缕:1.0, 薛宝琴:1.0, 薛宝钗:1.0, 贾宝玉:1.0, 贾探春:1.0
尤氏:1.0, 李纨:1.0, 林之孝:1.0, 王夫人:1.0, 王熙凤:1.0, 薛宝钗:1.0, 贾兰:1.0, 贾宝玉:1.0, 贾惜春:1.0, 贾政:1.0, 贾琏:1.0, 贾芸:1.0, 贾蓉:1.0, 邢夫人:1.0
王夫人:1.0, 贾芸:1.0, 贾蔷:1.0, 赖尚荣:1.0
叶妈:1.0, 平儿:1.0, 李纨:1.0, 田妈:1.0, 祝妈:1.0, 茗烟:1.0, 莺儿:1.0, 薛宝钗:1.0, 贾探春:1.0
史太君:1.0, 薛宝琴:1.0, 贾宝玉:1.0, 贾探春:1.0
平儿:1.0, 王夫人:1.0, 薛宝钗:1.0, 袭人:1.0, 贾宝玉:1.0, 贾探春:1.0
史太君:1.0, 王夫人:1.0, 薛宝钗:1.0, 袭人:1.0, 贾宝玉:1.0
史太君:1.0, 贾元春:1.0, 贾宝玉:1.0, 贾政:1.0
薛姨妈:1.0, 薛宝琴:1.0, 薛宝钗:1.0, 薛蝌:1.0
史太君:1.0, 尤二姐:1.0, 晴雯:1.0, 林黛玉:1.0, 王夫人:1.0, 王熙凤:1.0, 袭人:1.0, 贾宝玉:1.0, 香菱:1.0
贾政:1.0, 贾迎春:1.0
柳五儿:1.0, 芳官:1.0
史太君:1.0, 尤氏:1.0, 贾珍:1.0, 贾蓉:1.0, 贾蓉之妻:1.0
同喜:1.0, 尤二姐:1.0, 王熙凤:1.0
史太君:1.0, 贾瑞:1.0
山子野:1.0, 贾政:1.0, 贾琏:1.0, 贾赦:1.0
尤氏:1.0, 王善保家的:1.0, 薛蟠:1.0, 贾兰:1.0, 贾宝玉:1.0, 贾政:1.0, 贾环:1.0, 贾珍:1.0, 贾琮:1.0, 贾蓉:1.0, 贾赦:1.0, 邢夫人:1.0, 邢德全:1.0
蒋玉菡:1.0, 贾宝玉:1.0, 贾政:1.0, 贾赦:1.0
尤三姐:1.0, 贾宝玉:1.0
尤氏:1.0, 李纨:1.0, 炒豆儿:1.0, 王夫人:1.0, 素云:1.0, 贾惜春:1.0, 银蝶:1.0
引泉:1.0, 翠缕:1.0, 贾宝玉:1.0, 贾政:1.0, 贾雨村:1.0
刘姥姥:1.0, 平儿:1.0, 王夫人:1.0, 薛宝钗:1.0, 贾巧姐:1.0, 贾环:1.0, 贾芸:1.0, 邢夫人:1.0, 青儿:1.0
史太君:1.0, 周太监:1.0, 平儿:1.0, 来旺:1.0, 王熙凤:1.0, 珍珠:1.0, 贾琏:1.0
史太君:1.0, 史湘云:1.0, 平儿:1.0, 李纨:1.0, 王熙凤:1.0, 薛宝钗:1.0, 贾宝玉:1.0
史太君:1.0, 林黛玉:1.0, 王夫人:1.0, 莺儿:1.0, 薛姨妈:1.0, 薛宝钗:1.0, 袭人:1.0, 贾宝玉:1.0, 雪雁:1.0
佳蕙:1.0, 史太君:1.0, 史湘云:1.0, 周奶娘:1.0, 平儿:1.0, 晴雯:1.0, 林黛玉:1.0, 王夫人:1.0, 薛宝钗:1.0, 薛蟠:1.0, 袭人:1.0, 贾宝玉:1.0, 贾迎春:1.0, 金钏:1.0, 鸳鸯:1.0, 麝月:1.0
林黛玉:1.0, 薛宝钗:1.0, 贾宝玉:1.0, 贾探春:1.0
李贵:1.0, 贾宝玉:1.0, 赖大:1.0
平儿:1.0, 王夫人:1.0, 王熙凤:1.0, 邢夫人:1.0, 鸳鸯:1.0
史太君:1.0, 平儿:1.0, 王熙凤:1.0, 薛姨妈:1.0, 鸳鸯:1.0
史太君:1.0, 晴雯:1.0, 王夫人:1.0, 芳官:1.0, 袭人:1.0, 贾宝玉:1.0, 贾政:1.0
史湘云:1.0, 李纨:1.0, 林黛玉:1.0, 贾探春:1.0
平儿:1.0, 晴雯:1.0
彩云:1.0, 李纨:1.0, 玉钏:1.0, 王夫人:1.0, 薛宝钗:1.0, 袭人:1.0, 贾兰:1.0, 贾宝玉:1.0, 贾惜春:1.0, 贾环:1.0, 贾蔷:1.0, 赵姨娘:1.0
平儿:1.0, 李纨:1.0, 薛宝钗:1.0, 贾探春:1.0
史太君:1.0, 尤氏:1.0, 晴雯:1.0, 李纨:1.0, 林之孝:1.0, 林之孝家的:1.0, 林黛玉:1.0, 王夫人:1.0, 王熙凤:1.0, 玻璃:1.0, 芳官:1.0, 薛宝钗:1.0, 贾宝玉:1.0, 贾探春:1.0, 贾迎春:1.0, 邢夫人:1.0
史太君:1.0, 林黛玉:1.0, 王夫人:1.0, 薛宝钗:1.0, 贾环:1.0, 赵姨娘:1.0
史太君:1.0, 王夫人:1.0, 莺儿:1.0, 薛宝钗:1.0, 袭人:1.0, 贾宝玉:1.0
史太君:1.0, 吴新登:1.0, 周瑞:1.0, 孙绍祖:1.0, 戴良:1.0, 来旺:1.0, 王熙凤:1.0, 薛蝌:1.0, 贾宝玉:1.0, 贾政:1.0, 贾珍:1.0, 贾琏:1.0, 贾赦:1.0, 赖大:1.0
林黛玉:1.0, 紫鹃:1.0, 薛宝钗:1.0, 贾宝玉:1.0, 雪雁:1.0
史太君:1.0, 平儿:1.0, 李纨:1.0, 王熙凤:1.0
史太君:1.0, 平儿:1.0, 李纨:1.0, 王熙凤:1.0, 琥珀:1.0, 薛宝钗:1.0
平儿:1.0, 王熙凤:1.0, 贾琏:1.0, 赵嬷嬷:1.0
史湘云:1.0, 李纨:1.0, 林黛玉:1.0, 紫鹃:1.0, 薛宝琴:1.0, 薛宝钗:1.0, 贾宝玉:1.0, 贾探春:1.0
史太君:1.0, 王夫人:1.0, 贾兰:1.0, 贾宝玉:1.0, 贾政:1.0, 贾赦:1.0, 邢夫人:1.0
佩凤:1.0, 尤氏:1.0, 贾珍:1.0, 邢夫人:1.0, 邢德全:1.0, 银蝶:1.0
史湘云:1.0, 林黛玉:1.0, 珍珠:1.0, 紫鹃:1.0, 翠缕:1.0, 贾宝玉:1.0, 雪雁:1.0
李嬷嬷:1.0, 花自芳:1.0, 茗烟:1.0, 袭人:1.0, 贾宝玉:1.0, 贾珍:1.0
贾政:1.0, 贾琏:1.0, 贾芹:1.0, 赖大:1.0
史太君:1.0, 史湘云:1.0, 尤氏:1.0, 林黛玉:1.0, 王夫人:1.0, 王熙凤:1.0, 薛姨妈:1.0, 薛宝钗:1.0, 贾宝玉:1.0, 贾蓉:1.0
史太君:1.0, 平儿:1.0, 待书:1.0, 李纨:1.0, 林之孝:1.0, 林之孝家的:1.0, 柳五儿:1.0, 王熙凤:1.0, 芳官:1.0, 贾兰:1.0, 贾探春:1.0
刘姥姥:1.0, 史太君:1.0, 史湘云:1.0, 林黛玉:1.0, 王夫人:1.0, 王熙凤:1.0, 薛姨妈:1.0, 薛宝钗:1.0, 贾迎春:1.0, 鸳鸯:1.0
平儿:1.0, 李纨:1.0, 贾探春:1.0, 赵姨娘:1.0
史太君:1.0, 坠儿:1.0, 宋嬷嬷:1.0, 晴雯:1.0, 秋纹:1.0, 贾宝玉:1.0, 麝月:1.0
史太君:1.0, 尤氏:1.0, 李纨:1.0, 王熙凤:1.0, 薛宝琴:1.0, 邢夫人:1.0
林黛玉:1.0, 王夫人:1.0, 祝妈:1.0, 贾宝玉:1.0, 雪雁:1.0
王夫人:1.0, 秦钟:1.0, 茗烟:1.0, 薛蟠:1.0, 贾代儒:1.0, 贾宝玉:1.0, 贾珍:1.0, 贾瑞:1.0, 贾蓉:1.0, 贾蔷:1.0
袭人:1.0, 贾宝玉:1.0, 贾政:1.0
史太君:1.0, 周瑞:1.0, 周瑞家的:1.0, 林之孝:1.0, 王熙凤:1.0, 琥珀:1.0, 贾惜春:1.0, 贾珍:1.0, 贾琏:1.0, 贾芸:1.0
小螺:1.0, 平儿:1.0, 芳官:1.0, 蕊官:1.0, 薛宝钗:1.0, 藕官:1.0, 袭人:1.0, 豆官:1.0, 贾宝玉:1.0, 香菱:1.0
水溶:1.0, 贾政:1.0
史湘云:1.0, 李纨:1.0, 贾探春:1.0, 香菱:1.0
贾宝玉:1.0, 贾探春:1.0
尤三姐:1.0, 晴雯:1.0, 林黛玉:1.0, 王熙凤:1.0, 神瑛侍者:1.0, 秦可卿:1.0, 贾宝玉:1.0, 贾蓉:1.0, 贾迎春:1.0
王夫人:1.0, 薛宝钗:1.0, 贾宝玉:1.0, 贾政:1.0, 贾雨村:1.0, 金钏:1.0
史太君:1.0, 司棋:1.0, 来旺:1.0, 王熙凤:1.0
史太君:1.0, 王夫人:1.0, 王熙凤:1.0, 贾元春:1.0, 贾政:1.0, 贾琏:1.0, 贾蓉:1.0, 贾赦:1.0, 邢夫人:1.0
史太君:1.0, 贾瑞:1.0, 贾蓉:1.0, 贾蔷:1.0
史鼎:1.0, 王夫人:1.0, 王熙凤:1.0, 贾政:1.0, 邢夫人:1.0
茗烟:1.0, 袭人:1.0, 贾宝玉:1.0
史太君:1.0, 史湘云:1.0, 尤氏:1.0, 李婶:1.0, 李纨:1.0, 李纹:1.0, 李绮:1.0, 林黛玉:1.0, 王夫人:1.0, 王熙凤:1.0, 玻璃:1.0, 琥珀:1.0, 薛姨妈:1.0, 薛宝琴:1.0, 薛宝钗:1.0, 贾宝玉:1.0, 贾环:1.0, 贾珍:1.0, 贾琏:1.0, 贾琮:1.0, 贾芸:1.0, 贾芹:1.0, 贾菖:1.0, 贾菱:1.0, 贾蓉:1.0, 贾蓉之妻:1.0, 贾迎春:1.0, 邢夫人:1.0, 邢岫烟:1.0
史太君:1.0, 尤氏:1.0, 王夫人:1.0, 贾宝玉:1.0, 贾政:1.0, 贾赦:1.0, 邢夫人:1.0
王熙凤:1.0, 贾惜春:1.0
史太君:1.0, 史湘云:1.0, 林黛玉:1.0, 水溶:1.0, 王熙凤:1.0, 薛宝琴:1.0, 薛宝钗:1.0, 贾宝玉:1.0, 贾探春:1.0
史太君:1.0, 妙玉:1.0, 王熙凤:1.0, 薛宝钗:1.0, 贾宝玉:1.0, 邢夫人:1.0, 香菱:1.0
史太君:1.0, 晴雯:1.0, 贾宝玉:1.0, 麝月:1.0
林黛玉:1.0, 王夫人:1.0, 王熙凤:1.0, 薛宝钗:1.0, 袭人:1.0, 贾宝玉:1.0, 贾琏:1.0
史太君:1.0, 平儿:1.0, 王夫人:1.0, 王熙凤:1.0, 贾琏:1.0, 邢夫人:1.0, 鲍二家的:1.0
史太君:1.0, 林之孝:1.0, 贾珍:1.0, 贾琼:1.0, 贾璜:1.0, 贾芸:1.0, 贾芹:1.0, 贾萍:1.0, 贾蓉:1.0
刘姥姥:1.0, 史太君:1.0, 史湘云:1.0, 李纨:1.0, 林黛玉:1.0, 王熙凤:1.0, 薛宝钗:1.0, 贾宝玉:1.0, 贾惜春:1.0, 贾探春:1.0
冷子兴:1.0, 史太君:1.0, 周瑞:1.0, 周瑞家的:1.0, 李纨:1.0, 林黛玉:1.0, 王夫人:1.0, 王熙凤:1.0, 茜雪:1.0, 薛宝钗:1.0, 贾宝玉:1.0, 贾雨村:1.0
史太君:1.0, 李嬷嬷:1.0, 袭人:1.0
林黛玉:1.0, 薛姨妈:1.0, 薛宝钗:1.0, 袭人:1.0, 贾宝玉:1.0, 雪雁:1.0
史湘云:1.0, 平儿:1.0, 李纨:1.0, 王熙凤:1.0
入画:1.0, 林黛玉:1.0, 贾宝玉:1.0, 贾惜春:1.0, 贾探春:1.0, 香菱:1.0
甄宝玉:1.0, 贾兰:1.0, 贾宝玉:1.0, 贾政:1.0, 贾环:1.0
蒋玉菡:1.0, 贾宝玉:1.0, 贾政:1.0, 贾琏:1.0, 贾赦:1.0, 锄药:1.0
傻大姐:1.0, 史太君:1.0, 林黛玉:1.0, 珍珠:1.0, 紫鹃:1.0, 薛宝钗:1.0, 袭人:1.0, 贾宝玉:1.0
史太君:1.0, 王夫人:1.0, 王熙凤:1.0, 袭人:1.0, 贾宝玉:1.0, 贾政:1.0
丰儿:1.0, 平儿:1.0, 来旺:1.0, 王熙凤:1.0
晴雯:1.0, 王熙凤:1.0, 袭人:1.0, 贾宝玉:1.0, 贾琏:1.0
周瑞:1.0, 周瑞家的:1.0, 夏金桂:1.0, 宝蟾:1.0, 香菱:1.0
史太君:1.0, 王熙凤:1.0, 贾赦:1.0
史太君:1.0, 林黛玉:1.0, 薛姨妈:1.0, 贾宝玉:1.0
夏金桂:1.0, 宝蟾:1.0, 林黛玉:1.0, 薛姨妈:1.0, 薛宝琴:1.0, 薛宝钗:1.0, 薛蝌:1.0, 薛蟠:1.0, 香菱:1.0
史太君:1.0, 夏金桂:1.0, 孙绍祖:1.0, 王夫人:1.0, 贾宝玉:1.0, 贾迎春:1.0
贾兰:1.0, 贾宝玉:1.0
林黛玉:1.0, 秋纹:1.0, 紫鹃:1.0, 薛宝钗:1.0, 贾宝玉:1.0, 雪雁:1.0
女先儿:1.0, 尤氏:1.0, 张道士:1.0, 王夫人:1.0, 王子腾:1.0, 王熙凤:1.0, 薛宝琴:1.0, 贾宝玉:1.0
史湘云:1.0, 李纨:1.0, 袭人:1.0, 贾宝玉:1.0, 贾探春:1.0
史太君:1.0, 王夫人:1.0, 贾琏:1.0, 贾赦:1.0
王夫人:1.0, 蒋玉菡:1.0, 薛姨妈:1.0, 薛蝌:1.0, 贾政:1.0
夏金桂:1.0, 宝蟾:1.0, 李纨:1.0, 薛蝌:1.0, 薛蟠:1.0
封肃:1.0, 贾雨村:1.0
林黛玉:1.0, 贾惜春:1.0, 贾探春:1.0, 香菱:1.0
史太君:1.0, 蒋玉菡:1.0, 薛蟠:1.0, 袭人:1.0, 贾宝玉:1.0
史太君:1.0, 晴雯:1.0, 王熙凤:1.0, 紫鹃:1.0, 薛宝钗:1.0, 贾宝玉:1.0, 赵姨娘:1.0, 雪雁:1.0
史太君:1.0, 尤二姐:1.0, 王夫人:1.0, 王熙凤:1.0, 秋桐:1.0, 贾琏:1.0, 贾赦:1.0, 邢夫人:1.0
丰儿:1.0, 史太君:1.0, 平儿:1.0, 林黛玉:1.0, 王熙凤:1.0, 袭人:1.0, 邢夫人:1.0, 金彩:1.0, 金文翔:1.0, 鸳鸯:1.0
史太君:1.0, 妙玉:1.0, 平儿:1.0, 林之孝:1.0, 王熙凤:1.0, 贾惜春:1.0, 贾芸:1.0
史湘云:1.0, 李纨:1.0, 薛宝琴:1.0, 薛宝钗:1.0
史太君:1.0, 尤氏:1.0, 李纨:1.0, 林黛玉:1.0, 王夫人:1.0, 王熙凤:1.0, 薛宝钗:1.0, 贾元春:1.0, 贾兰:1.0, 贾宝玉:1.0, 贾政:1.0, 贾敬:1.0, 贾环:1.0, 贾珍:1.0, 贾琏:1.0, 贾蓉:1.0, 贾赦:1.0, 邢夫人:1.0
李嬷嬷:1.0, 林黛玉:1.0, 薛姨妈:1.0, 贾宝玉:1.0, 雪雁:1.0
林黛玉:1.0, 王夫人:1.0, 贾宝玉:1.0
史太君:1.0, 柳湘莲:1.0, 王夫人:1.0, 薛姨妈:1.0, 薛蟠:1.0, 贾宝玉:1.0, 贾珍:1.0, 贾琏:1.0, 贾蓉:1.0, 贾赦:1.0, 赖大:1.0
拐子:1.0, 贾赦:1.0, 贾雨村:1.0
尤氏:1.0, 贾宝玉:1.0, 贾珍:1.0
李贵:1.0, 秦钟:1.0, 茗烟:1.0, 贾宝玉:1.0, 贾瑞:1.0
平儿:1.0, 晴雯:1.0, 秋纹:1.0, 袭人:1.0, 贾宝玉:1.0, 麝月:1.0
史太君:1.0, 林黛玉:1.0, 薛宝钗:1.0, 贾宝玉:1.0, 香菱:1.0
林黛玉:1.0, 贾元春:1.0, 贾宝玉:1.0
史太君:1.0, 晴雯:1.0, 秋纹:1.0, 贾宝玉:1.0, 麝月:1.0
尤氏:1.0, 平儿:1.0, 王熙凤:1.0
冯紫英:1.0, 史太君:1.0, 尤氏:1.0, 王夫人:1.0, 王熙凤:1.0, 贾政:1.0, 贾珍:1.0, 贾蓉:1.0, 贾赦:1.0, 邢夫人:1.0
尤三姐:1.0, 柳湘莲:1.0, 薛蟠:1.0, 鸳鸯:1.0
平儿:1.0, 王熙凤:1.0, 贾瑞:1.0
史太君:1.0, 司棋:1.0, 春燕:1.0, 晴雯:1.0, 柳五儿:1.0, 柳家的:1.0, 莲花儿:1.0, 薛宝钗:1.0, 贾迎春:1.0
云儿:1.0, 林黛玉:1.0
李纨:1.0, 林黛玉:1.0, 薛姨妈:1.0, 薛宝钗:1.0, 贾宝玉:1.0, 贾探春:1.0
四儿:1.0, 柳五儿:1.0, 袭人:1.0, 贾宝玉:1.0
平儿:1.0, 昭儿:1.0, 王熙凤:1.0, 贾琏:1.0
警幻仙子:1.0, 贾瑞:1.0
春燕:1.0, 莺儿:1.0, 藕官:1.0
林之孝:1.0, 王夫人:1.0, 贾兰:1.0, 贾宝玉:1.0, 贾政:1.0, 贾环:1.0, 贾琏:1.0
史太君:1.0, 平儿:1.0, 李纨:1.0, 王熙凤:1.0, 袭人:1.0, 贾宝玉:1.0, 贾琏:1.0
史太君:1.0, 林黛玉:1.0, 王熙凤:1.0, 贾宝玉:1.0
史太君:1.0, 史湘云:1.0, 王夫人:1.0, 琥珀:1.0, 贾政:1.0, 贾琏:1.0, 赖大:1.0, 鸳鸯:1.0
史太君:1.0, 平儿:1.0, 王熙凤:1.0, 邢岫烟:1.0
平儿:1.0, 李纨:1.0, 王仁:1.0, 王夫人:1.0, 薛宝钗:1.0, 贾巧姐:1.0, 贾琏:1.0, 邢夫人:1.0
林黛玉:1.0, 莺儿:1.0, 蕊官:1.0
平儿:1.0, 王熙凤:1.0, 玻璃:1.0, 贾蓉:1.0
林黛玉:1.0, 王夫人:1.0, 贾宝玉:1.0, 贾政:1.0, 贾珍:1.0
冯唐:1.0, 冯紫英:1.0, 四儿:1.0, 薛蟠:1.0, 贾宝玉:1.0
贾环:1.0, 赵姨娘:1.0
小红:1.0, 平儿:1.0, 王夫人:1.0, 王熙凤:1.0, 贾巧姐:1.0, 贾环:1.0, 赵姨娘:1.0
史太君:1.0, 史湘云:1.0, 王夫人:1.0, 琥珀:1.0, 贾宝玉:1.0
史太君:1.0, 林黛玉:1.0, 王夫人:1.0, 王熙凤:1.0, 紫鹃:1.0, 贾宝玉:1.0, 贾政:1.0, 雪雁:1.0
史太君:1.0, 莺儿:1.0, 薛姨妈:1.0, 薛宝钗:1.0, 袭人:1.0, 贾宝玉:1.0
史太君:1.0, 李纨:1.0, 王熙凤:1.0, 赖大的母亲:1.0
喜儿:1.0, 寿儿:1.0, 尤三姐:1.0, 尤二姐:1.0, 贾珍:1.0, 贾琏:1.0, 隆儿:1.0, 鲍二家的:1.0
佩凤:1.0, 史太君:1.0, 尤氏:1.0, 文花:1.0, 贾兰:1.0, 贾宝玉:1.0, 贾政:1.0, 贾环:1.0, 贾珍:1.0, 贾琏:1.0, 贾赦:1.0
冯紫英:1.0, 史太君:1.0, 林如海:1.0, 甄士隐:1.0, 贾政:1.0, 贾琏:1.0, 贾赦:1.0, 贾雨村:1.0
史太君:1.0, 尤氏:1.0, 王夫人:1.0, 贾珍:1.0, 贾蓉:1.0, 贾蓉之妻:1.0, 邢夫人:1.0
史太君:1.0, 王熙凤:1.0, 薛宝钗:1.0
王夫人:1.0, 贾宝玉:1.0, 贾惜春:1.0, 贾探春:1.0
李纨:1.0, 林黛玉:1.0, 王子腾:1.0, 薛宝钗:1.0
林黛玉:1.0, 薛宝钗:1.0, 袭人:1.0
史太君:1.0, 孙绍祖:1.0, 贾宝玉:1.0, 贾政:1.0, 贾赦:1.0, 贾迎春:1.0, 邢夫人:1.0, 香菱:1.0
史太君:1.0, 林黛玉:1.0, 藕官:1.0, 贾宝玉:1.0
水溶:1.0, 珍珠:1.0, 贾政:1.0, 贾琏:1.0
林黛玉:1.0, 紫鹃:1.0, 莺儿:1.0, 蕊官:1.0, 藕官:1.0
薛蟠:1.0, 贾珍:1.0, 贾蓉:1.0
史太君:1.0, 待书:1.0, 李纹:1.0, 李绮:1.0, 王熙凤:1.0, 素云:1.0, 贾宝玉:1.0, 贾探春:1.0, 邢岫烟:1.0, 麝月:1.0
平儿:1.0, 王夫人:1.0, 贾巧姐:1.0, 贾环:1.0, 贾琏:1.0, 贾芸:1.0, 邢夫人:1.0
史太君:1.0, 王夫人:1.0, 王熙凤:1.0, 薛姨妈:1.0, 贾宝玉:1.0, 赖大:1.0, 邢夫人:1.0
史太君:1.0, 薛姨妈:1.0, 邢夫人:1.0, 邢岫烟:1.0
史太君:1.0, 史湘云:1.0, 尤氏:1.0, 李纨:1.0, 薛宝钗:1.0, 贾探春:1.0
史太君:1.0, 林黛玉:1.0, 王夫人:1.0, 王熙凤:1.0, 秋纹:1.0, 薛姨妈:1.0, 袭人:1.0, 贾宝玉:1.0, 贾巧姐:1.0, 麝月:1.0
史太君:1.0, 李纨:1.0, 贾兰:1.0
史太君:1.0, 史湘云:1.0, 平儿:1.0, 李纨:1.0, 林黛玉:1.0, 王熙凤:1.0, 薛姨妈:1.0, 薛宝琴:1.0, 薛宝钗:1.0, 贾宝玉:1.0, 贾惜春:1.0, 贾探春:1.0, 邢岫烟:1.0
史太君:1.0, 史湘云:1.0, 李婶:1.0, 李纨:1.0, 李纹:1.0, 李绮:1.0, 林黛玉:1.0, 王夫人:1.0, 王熙凤:1.0, 莺儿:1.0, 薛姨妈:1.0, 薛宝钗:1.0, 袭人:1.0, 贾宝玉:1.0, 鸳鸯:1.0
平儿:1.0, 王熙凤:1.0, 邢夫人:1.0
史太君:1.0, 林如海:1.0, 林黛玉:1.0, 贾宝玉:1.0, 贾琏:1.0
王熙凤:1.0, 甄宝玉:1.0, 薛宝钗:1.0, 贾宝玉:1.0, 贾政:1.0, 贾琏:1.0
彩云:1.0, 王夫人:1.0, 贾宝玉:1.0, 贾环:1.0, 金钏:1.0
史太君:1.0, 薛宝琴:1.0
史太君:1.0, 林黛玉:1.0, 王熙凤:1.0, 袭人:1.0, 贾宝玉:1.0
妙玉:1.0, 贾宝玉:1.0, 贾环:1.0, 贾芸:1.0, 贾雨村:1.0, 邢德全:1.0
王夫人:1.0, 贾政:1.0, 贾琏:1.0, 贾芹:1.0, 赖大:1.0
史湘云:1.0, 薛姨妈:1.0, 薛宝钗:1.0, 薛蝌:1.0, 薛蟠:1.0, 贾琏:1.0
单聘仁:1.0, 卜固修:1.0, 贾琏:1.0, 贾蔷:1.0
史太君:1.0, 史湘云:1.0, 林黛玉:1.0, 薛宝钗:1.0, 袭人:1.0, 贾宝玉:1.0, 贾探春:1.0, 香菱:1.0
史太君:1.0, 李纨:1.0, 秦可卿:1.0, 警幻仙子:1.0, 贾赦:1.0, 邢夫人:1.0, 鸳鸯:1.0
史太君:1.0, 平儿:1.0, 李纨:1.0, 王熙凤:1.0, 薛宝钗:1.0, 贾宝玉:1.0, 贾琏:1.0, 贾赦:1.0, 邢夫人:1.0
周氏:1.0, 王熙凤:1.0, 贾政:1.0, 贾琏:1.0, 贾芹:1.0
史太君:1.0, 史湘云:1.0, 李纨:1.0, 李纹:1.0, 李绮:1.0, 林黛玉:1.0, 薛宝琴:1.0, 薛宝钗:1.0, 贾宝玉:1.0, 贾惜春:1.0, 贾探春:1.0
贾宝玉:1.0, 贾琏:1.0, 贾芸:1.0, 贾赦:1.0
史太君:1.0, 王夫人:1.0, 袭人:1.0, 贾政:1.0, 贾琏:1.0, 贾赦:1.0
史湘云:1.0, 林黛玉:1.0, 芳官:1.0, 袭人:1.0, 贾宝玉:1.0, 香菱:1.0
史太君:1.0, 史湘云:1.0, 平儿:1.0, 彩云:1.0, 王熙凤:1.0, 莺儿:1.0, 薛姨妈:1.0, 薛宝琴:1.0, 薛宝钗:1.0, 袭人:1.0, 贾宝玉:1.0, 鸳鸯:1.0
史太君:1.0, 薛姨妈:1.0, 薛宝琴:1.0, 薛蝌:1.0, 薛蟠:1.0
杏奴:1.0, 薛蟠:1.0
史太君:1.0, 王夫人:1.0, 贾宝玉:1.0
尤二姐:1.0, 尤氏:1.0, 平儿:1.0, 王济仁:1.0, 王熙凤:1.0, 秋桐:1.0, 胡君荣:1.0, 贾琏:1.0, 邢夫人:1.0
史湘云:1.0, 李纨:1.0, 林黛玉:1.0
史太君:1.0, 李纨:1.0, 林之孝:1.0, 林之孝家的:1.0, 薛宝钗:1.0, 贾探春:1.0
冯紫英:1.0, 尤氏:1.0, 贾珍:1.0, 金氏:1.0
史太君:1.0, 林黛玉:1.0, 贾元春:1.0, 贾探春:1.0
史太君:1.0, 李纨:1.0, 王夫人:1.0, 王熙凤:1.0, 贾宝玉:1.0, 贾政:1.0, 贾珠:1.0, 贾迎春:1.0
史太君:1.0, 林黛玉:1.0, 贾宝玉:1.0, 马道婆:1.0
薛宝钗:1.0, 贾芸:1.0
春燕:1.0, 晴雯:1.0, 李纨:1.0, 林黛玉:1.0, 翠墨:1.0, 薛宝琴:1.0, 薛宝钗:1.0, 袭人:1.0, 贾宝玉:1.0, 贾探春:1.0, 香菱:1.0, 麝月:1.0
史太君:1.0, 平儿:1.0, 袭人:1.0
周瑞:1.0, 周瑞家的:1.0, 夏金桂:1.0, 宝蟾:1.0, 薛姨妈:1.0, 薛宝钗:1.0, 香菱:1.0
贾琏:1.0, 贾蔷:1.0
夏金桂:1.0, 宝蟾:1.0, 小舍儿:1.0, 薛蟠:1.0, 香菱:1.0
林之孝:1.0, 玉钏:1.0, 王夫人:1.0, 薛姨妈:1.0, 赖大:1.0, 鸳鸯:1.0
史太君:1.0, 四儿:1.0, 尤氏:1.0, 王夫人:1.0, 贾探春:1.0, 贾赦:1.0, 鸳鸯:1.0
贾宝玉:1.0, 贾珍:1.0
乌进孝:1.0, 史太君:1.0, 贾元春:1.0, 贾珍:1.0, 贾蓉:1.0, 鸳鸯:1.0
史太君:1.0, 李贵:1.0, 贾宝玉:1.0
贾宝玉:1.0, 贾环:1.0
刘姥姥:1.0, 史太君:1.0, 史湘云:1.0, 李纨:1.0, 林黛玉:1.0, 王夫人:1.0, 王熙凤:1.0, 琥珀:1.0, 薛姨妈:1.0, 薛宝钗:1.0, 贾宝玉:1.0, 贾探春:1.0, 贾迎春:1.0, 鸳鸯:1.0
丰儿:1.0, 入画:1.0, 史太君:1.0, 司棋:1.0, 同喜:1.0, 同贵:1.0, 周瑞:1.0, 周瑞家的:1.0, 小红:1.0, 平儿:1.0, 彩云:1.0, 彩屏:1.0, 待书:1.0, 文杏:1.0, 春纤:1.0, 李纨:1.0, 林黛玉:1.0, 王夫人:1.0, 王熙凤:1.0, 珍珠:1.0, 琥珀:1.0, 素云:1.0, 紫鹃:1.0, 翠墨:1.0, 臻儿:1.0, 莺儿:1.0, 薛姨妈:1.0, 薛宝钗:1.0, 贾元春:1.0, 贾宝玉:1.0, 贾巧姐:1.0, 贾惜春:1.0, 贾探春:1.0, 贾珍:1.0, 贾迎春:1.0, 金钏:1.0, 雪雁:1.0, 香菱:1.0, 鸳鸯:1.0, 鹦鹉:1.0
平儿:1.0, 薛宝钗:1.0, 贾探春:1.0
平儿:1.0, 来旺:1.0, 王夫人:1.0, 王熙凤:1.0, 贾瑞:1.0
水溶:1.0, 贾宝玉:1.0, 贾赦:1.0
夏金桂:1.0, 王熙凤:1.0, 蒋玉菡:1.0, 薛姨妈:1.0, 薛宝钗:1.0, 薛蝌:1.0, 邢岫烟:1.0
林黛玉:1.0, 紫鹃:1.0, 莺儿:1.0, 薛姨妈:1.0
林黛玉:1.0, 薛宝琴:1.0, 薛宝钗:1.0, 贾宝玉:1.0
尤氏:1.0, 李纨:1.0, 贾探春:1.0, 赵姨娘:1.0
刘姥姥:1.0, 周瑞:1.0, 周瑞家的:1.0, 平儿:1.0
尤氏:1.0, 焦大:1.0, 王熙凤:1.0, 贾宝玉:1.0, 贾珍:1.0, 贾蓉:1.0, 赖二:1.0
林黛玉:1.0, 王夫人:1.0, 王熙凤:1.0, 薛宝钗:1.0, 金钏:1.0
史太君:1.0, 晴雯:1.0, 薛姨妈:1.0, 贾宝玉:1.0
周瑞:1.0, 周瑞家的:1.0, 李纨:1.0, 林之孝:1.0, 林之孝家的:1.0, 王熙凤:1.0
芳官:1.0, 蕊官:1.0, 薛宝钗:1.0, 藕官:1.0, 贾宝玉:1.0
史湘云:1.0, 李纨:1.0
尤二姐:1.0, 贾琏:1.0, 鸳鸯:1.0
封氏:1.0, 甄士隐:1.0, 香菱:1.0
林黛玉:1.0, 水溶:1.0, 贾宝玉:1.0
史太君:1.0, 蒋玉菡:1.0, 袭人:1.0, 贾宝玉:1.0
史太君:1.0, 史湘云:1.0, 周姨娘:1.0, 平儿:1.0, 彩云:1.0, 彩霞:1.0, 李纨:1.0, 林黛玉:1.0, 王夫人:1.0, 王熙凤:1.0, 琥珀:1.0, 薛姨妈:1.0, 薛宝钗:1.0, 贾宝玉:1.0, 贾琏:1.0, 赵姨娘:1.0, 鸳鸯:1.0
刘姥姥:1.0, 王夫人:1.0, 花自芳:1.0, 薛姨妈:1.0, 薛宝钗:1.0, 袭人:1.0, 贾宝玉:1.0, 贾巧姐:1.0, 贾政:1.0, 贾珍:1.0, 贾琏:1.0, 贾赦:1.0, 邢夫人:1.0
宝珠:1.0, 智能:1.0, 王熙凤:1.0, 秦钟:1.0, 贾珍:1.0
史太君:1.0, 袭人:1.0, 贾宝玉:1.0, 贾赦:1.0, 鸳鸯:1.0
史湘云:1.0, 林黛玉:1.0, 翠缕:1.0, 薛宝钗:1.0, 袭人:1.0, 贾宝玉:1.0
史太君:1.0, 贾宝玉:1.0, 贾政:1.0, 贾琏:1.0
刘姥姥:1.0, 史太君:1.0, 周瑞:1.0, 周瑞家的:1.0, 平儿:1.0, 板儿:1.0, 王熙凤:1.0
芳官:1.0, 贾环:1.0, 麝月:1.0
史太君:1.0, 李嬷嬷:1.0, 薛姨妈:1.0, 薛宝钗:1.0, 贾宝玉:1.0
引泉:1.0, 贾宝玉:1.0, 贾政:1.0
晴雯:1.0, 柳五儿:1.0, 王熙凤:1.0, 袭人:1.0, 贾宝玉:1.0, 麝月:1.0
史太君:1.0, 周瑞:1.0, 尤氏:1.0, 彩屏:1.0, 林之孝:1.0, 贾惜春:1.0, 贾芸:1.0
林黛玉:1.0, 贾宝玉:1.0, 雪雁:1.0
住儿:1.0, 史太君:1.0, 司棋:1.0, 林黛玉:1.0, 王熙凤:1.0, 薛宝钗:1.0, 贾迎春:1.0, 邢夫人:1.0
贾元春:1.0, 贾环:1.0, 贾迎春:1.0
史太君:1.0, 平儿:1.0, 来旺:1.0, 王夫人:1.0, 王熙凤:1.0, 贾宝玉:1.0, 贾巧姐:1.0, 邢夫人:1.0
平儿:1.0, 李纨:1.0, 王夫人:1.0, 薛宝钗:1.0, 贾探春:1.0, 赵姨娘:1.0
史太君:1.0, 贾宝玉:1.0, 贾政:1.0, 贾迎春:1.0
林黛玉:1.0, 王熙凤:1.0, 薛宝钗:1.0, 邢岫烟:1.0
史太君:1.0, 平儿:1.0, 林黛玉:1.0, 王夫人:1.0, 紫鹃:1.0, 莺儿:1.0, 薛宝钗:1.0, 袭人:1.0, 贾宝玉:1.0, 贾政:1.0, 贾琏:1.0, 邢夫人:1.0, 鸳鸯:1.0
李贵:1.0, 王一贴:1.0, 茗烟:1.0, 贾宝玉:1.0
贾宝玉:1.0, 香菱:1.0, 麝月:1.0
林黛玉:1.0, 紫鹃:1.0, 袭人:1.0, 贾宝玉:1.0, 鸳鸯:1.0
史湘云:1.0, 林黛玉:1.0, 莺儿:1.0, 蕊官:1.0, 薛宝钗:1.0, 藕官:1.0
林如海:1.0, 水溶:1.0, 贾宝玉:1.0
史太君:1.0, 林黛玉:1.0, 王熙凤:1.0, 薛宝钗:1.0, 贾宝玉:1.0, 雪雁:1.0
史太君:1.0, 嫣红:1.0, 贾琏:1.0, 贾赦:1.0, 邢夫人:1.0
夏金桂:1.0, 薛姨妈:1.0, 薛宝钗:1.0, 薛蟠:1.0, 香菱:1.0
史太君:1.0, 小红:1.0, 平儿:1.0, 王熙凤:1.0, 莺儿:1.0, 薛宝钗:1.0
王济仁:1.0, 茗烟:1.0, 贾宝玉:1.0, 贾芸:1.0, 麝月:1.0
春燕:1.0, 莺儿:1.0, 薛宝钗:1.0, 贾宝玉:1.0
晴雯:1.0, 林黛玉:1.0, 薛宝钗:1.0, 贾宝玉:1.0
刘姥姥:1.0, 金彩:1.0
丰儿:1.0, 史太君:1.0, 周瑞:1.0, 周瑞家的:1.0, 平儿:1.0, 林黛玉:1.0, 王夫人:1.0, 王子腾:1.0, 王熙凤:1.0, 薛姨妈:1.0, 薛蟠:1.0, 贾宝玉:1.0, 贾政:1.0
史湘云:1.0, 李纨:1.0, 林黛玉:1.0, 薛宝钗:1.0, 贾宝玉:1.0, 贾探春:1.0
史太君:1.0, 妙玉:1.0, 平儿:1.0, 王夫人:1.0, 秋桐:1.0, 薛宝钗:1.0, 袭人:1.0, 贾宝玉:1.0, 贾巧姐:1.0, 贾惜春:1.0, 贾政:1.0, 贾琏:1.0, 贾芸:1.0, 贾蔷:1.0
史太君:1.0, 林黛玉:1.0, 秋纹:1.0, 紫鹃:1.0, 袭人:1.0, 贾宝玉:1.0, 贾雨村:1.0
王仁:1.0, 王夫人:1.0, 王熙凤:1.0, 贾迎春:1.0
史太君:1.0, 李贵:1.0, 林黛玉:1.0, 秦钟:1.0, 薛宝钗:1.0, 贾宝玉:1.0
刘姥姥:1.0, 周瑞:1.0, 周瑞家的:1.0, 板儿:1.0, 王熙凤:1.0
史太君:1.0, 史湘云:1.0, 尤氏:1.0, 彩云:1.0, 林黛玉:1.0, 王夫人:1.0, 王熙凤:1.0, 珍珠:1.0, 琥珀:1.0, 莺儿:1.0, 薛宝钗:1.0, 袭人:1.0, 贾宝玉:1.0, 贾政:1.0, 邢夫人:1.0, 鸳鸯:1.0
史太君:1.0, 王夫人:1.0, 贾探春:1.0, 贾政:1.0
史太君:1.0, 王熙凤:1.0, 贾琏:1.0, 邢夫人:1.0, 鲍二家的:1.0, 鸳鸯:1.0
李纨:1.0, 焦大:1.0, 王熙凤:1.0, 贾政:1.0, 贾珍:1.0, 贾琏:1.0, 贾芸:1.0
俞禄:1.0, 史太君:1.0, 贾琏:1.0, 贾蓉:1.0, 贾赦:1.0
史太君:1.0, 尤氏:1.0, 李婶:1.0, 王夫人:1.0, 王熙凤:1.0, 薛姨妈:1.0, 邢夫人:1.0
王夫人:1.0, 王熙凤:1.0, 贾珍:1.0
刘姥姥:1.0, 史太君:1.0, 史湘云:1.0, 李纨:1.0, 林黛玉:1.0, 王夫人:1.0, 王熙凤:1.0, 薛姨妈:1.0, 薛宝钗:1.0, 贾宝玉:1.0, 贾惜春:1.0, 贾探春:1.0, 贾迎春:1.0
史太君:1.0, 天文生:1.0, 尤二姐:1.0, 尤氏:1.0, 平儿:1.0, 王夫人:1.0, 王熙凤:1.0, 贾宝玉:1.0, 贾琏:1.0, 贾蓉:1.0
史太君:1.0, 史湘云:1.0, 林黛玉:1.0, 素云:1.0, 薛宝钗:1.0, 贾宝玉:1.0
史太君:1.0, 尤氏:1.0, 林黛玉:1.0, 王夫人:1.0, 王熙凤:1.0, 秦钟:1.0, 贾宝玉:1.0
李贵:1.0, 秦钟:1.0, 贾宝玉:1.0
林黛玉:1.0, 紫鹃:1.0, 翠缕:1.0, 袭人:1.0, 贾宝玉:1.0, 雪雁:1.0
刘姥姥:1.0, 周瑞:1.0, 周瑞家的:1.0, 林黛玉:1.0, 王夫人:1.0, 薛姨妈:1.0, 金钏:1.0, 香菱:1.0
张道士:1.0, 林黛玉:1.0, 贾宝玉:1.0
史太君:1.0, 小红:1.0, 平儿:1.0, 王熙凤:1.0, 秋桐:1.0, 贾芹:1.0
薛姨妈:1.0, 薛宝钗:1.0, 薛蟠:1.0, 香菱:1.0
史太君:1.0, 林黛玉:1.0, 王熙凤:1.0, 薛姨妈:1.0, 贾宝玉:1.0
柳湘莲:1.0, 薛姨妈:1.0, 薛蝌:1.0, 薛蟠:1.0
尤二姐:1.0, 王熙凤:1.0
林黛玉:1.0, 薛姨妈:1.0, 薛宝钗:1.0, 薛蟠:1.0, 贾珍:1.0, 香菱:1.0
史太君:1.0, 王夫人:1.0, 贾珍:1.0, 贾蓉:1.0, 贾赦:1.0, 邢夫人:1.0
史太君:1.0, 李婶:1.0, 李纨:1.0, 李绮:1.0, 王夫人:1.0, 贾兰:1.0, 贾宝玉:1.0, 贾探春:1.0, 贾政:1.0, 贾蓉:1.0, 贾赦:1.0
李婶:1.0, 李绮:1.0, 王夫人:1.0, 甄宝玉:1.0, 薛宝钗:1.0, 贾兰:1.0, 贾宝玉:1.0
茗烟:1.0, 贾宝玉:1.0, 贾珍:1.0
俞禄:1.0, 尤老娘:1.0, 贾琏:1.0
吴新登:1.0, 李纨:1.0, 贾探春:1.0
俞禄:1.0, 兴儿:1.0, 平儿:1.0, 张华:1.0, 李纨:1.0, 来旺:1.0, 柳湘莲:1.0, 王熙凤:1.0, 贾珍:1.0, 贾蓉:1.0, 贾赦:1.0
史太君:1.0, 林黛玉:1.0, 紫鹃:1.0, 袭人:1.0, 贾宝玉:1.0
彩霞:1.0, 王夫人:1.0, 王熙凤:1.0, 贾宝玉:1.0, 贾环:1.0
王子腾:1.0, 贾政:1.0, 贾雨村:1.0
林黛玉:1.0, 柳五儿:1.0, 王夫人:1.0, 紫鹃:1.0, 薛宝钗:1.0, 袭人:1.0, 贾宝玉:1.0, 贾政:1.0, 贾琏:1.0, 麝月:1.0
薛宝琴:1.0, 薛宝钗:1.0, 贾宝玉:1.0, 麝月:1.0
王夫人:1.0, 王子腾:1.0, 王熙凤:1.0, 贾雨村:1.0
刘姥姥:1.0, 史太君:1.0, 王熙凤:1.0
史太君:1.0, 尤氏:1.0, 王熙凤:1.0, 秦可卿:1.0, 贾宝玉:1.0, 贾蓉:1.0
薛姨妈:1.0, 薛宝钗:1.0, 袭人:1.0
平儿:1.0, 林黛玉:1.0, 袭人:1.0, 贾宝玉:1.0, 鸳鸯:1.0
王夫人:1.0, 贾元春:1.0, 贾宝玉:1.0, 贾政:1.0, 贾环:1.0, 贾珠:1.0
史太君:1.0, 尤氏:1.0, 平儿:1.0, 王夫人:1.0, 王熙凤:1.0, 琥珀:1.0, 邢夫人:1.0
晴雯:1.0, 袭人:1.0, 贾宝玉:1.0, 贾政:1.0, 麝月:1.0
王夫人:1.0, 紫鹃:1.0, 薛宝钗:1.0, 袭人:1.0, 贾宝玉:1.0
甄士隐:1.0, 贾政:1.0, 贾赦:1.0, 贾雨村:1.0
史太君:1.0, 周瑞:1.0, 周瑞家的:1.0, 平儿:1.0, 张材家的:1.0, 李纨:1.0, 王熙凤:1.0, 贾宝玉:1.0, 贾珍:1.0, 贾赦:1.0, 赖大:1.0, 赖大的母亲:1.0
史太君:1.0, 林黛玉:1.0, 王夫人:1.0, 薛宝钗:1.0, 贾宝玉:1.0, 鲍太医:1.0
史湘云:1.0, 薛宝钗:1.0, 香菱:1.0
水溶:1.0, 贾宝玉:1.0, 贾政:1.0, 贾珍:1.0, 贾赦:1.0
尤氏:1.0, 王熙凤:1.0, 贾宝玉:1.0, 贾珍:1.0, 贾蓉:1.0, 邢德全:1.0
史湘云:1.0, 晴雯:1.0, 芳官:1.0, 葵官:1.0, 蕊官:1.0, 薛宝琴:1.0, 藕官:1.0, 袭人:1.0, 豆官:1.0, 赵姨娘:1.0
史太君:1.0, 王夫人:1.0, 贾宝玉:1.0, 贾琏:1.0, 贾芸:1.0, 贾芹:1.0, 贾赦:1.0, 邢夫人:1.0
夏金桂:1.0, 王夫人:1.0, 薛姨妈:1.0, 薛宝钗:1.0, 薛蝌:1.0, 香菱:1.0
史太君:1.0, 王熙凤:1.0, 邢夫人:1.0, 鸳鸯:1.0
贾兰:1.0, 贾巧姐:1.0, 贾琏:1.0, 贾赦:1.0, 邢夫人:1.0
史太君:1.0, 李贵:1.0, 秦钟:1.0, 贾宝玉:1.0, 贾政:1.0, 贾珍:1.0, 贾赦:1.0, 贾雨村:1.0
智能:1.0, 王熙凤:1.0, 秦钟:1.0, 贾宝玉:1.0
史太君:1.0, 昭儿:1.0, 林黛玉:1.0, 王熙凤:1.0, 秦钟:1.0, 贾宝玉:1.0
林黛玉:1.0, 袭人:1.0
史太君:1.0, 林黛玉:1.0, 紫鹃:1.0, 薛宝钗:1.0, 贾宝玉:1.0
史太君:1.0, 王夫人:1.0, 贾元春:1.0, 贾宝玉:1.0, 贾迎春:1.0, 邢夫人:1.0
刘姥姥:1.0, 平儿:1.0, 板儿:1.0, 贾宝玉:1.0, 贾巧姐:1.0, 贾琏:1.0, 贾赦:1.0, 青儿:1.0
王熙凤:1.0, 赵嬷嬷:1.0
住儿:1.0, 平儿:1.0, 林黛玉:1.0, 薛宝琴:1.0, 薛宝钗:1.0, 贾探春:1.0, 贾迎春:1.0
刘姥姥:1.0, 史太君:1.0, 史湘云:1.0, 林黛玉:1.0, 王夫人:1.0, 王熙凤:1.0, 薛姨妈:1.0, 薛宝钗:1.0, 贾宝玉:1.0
林之孝:1.0, 林之孝家的:1.0, 王子腾:1.0, 王熙凤:1.0, 贾琏:1.0
尤三姐:1.0, 尤二姐:1.0, 茗烟:1.0, 薛蟠:1.0, 贾宝玉:1.0, 贾琏:1.0
史太君:1.0, 史湘云:1.0, 林黛玉:1.0, 王夫人:1.0, 王熙凤:1.0, 紫鹃:1.0, 薛宝钗:1.0, 袭人:1.0, 贾宝玉:1.0, 贾探春:1.0, 雪雁:1.0, 鸳鸯:1.0
李嬷嬷:1.0, 林黛玉:1.0, 贾宝玉:1.0
林黛玉:1.0, 贾探春:1.0
史太君:1.0, 史湘云:1.0, 林黛玉:1.0, 薛姨妈:1.0, 薛宝钗:1.0, 袭人:1.0, 贾宝玉:1.0, 贾赦:1.0
李纨:1.0, 贾蓉:1.0
李纨:1.0, 薛宝钗:1.0, 贾宝玉:1.0
平儿:1.0, 王熙凤:1.0, 贾探春:1.0
王熙凤:1.0, 贾珍:1.0, 贾琏:1.0
尤氏:1.0, 尤老娘:1.0, 贾敬:1.0, 贾珍:1.0, 贾琏:1.0, 贾蓉:1.0
史太君:1.0, 林之孝:1.0, 王夫人:1.0, 王熙凤:1.0, 莺儿:1.0, 薛宝钗:1.0, 贾宝玉:1.0, 贾惜春:1.0, 贾政:1.0, 贾琏:1.0, 贾赦:1.0, 邢夫人:1.0, 鸳鸯:1.0
莺儿:1.0, 蕊官:1.0, 藕官:1.0
晴雯:1.0, 芳官:1.0, 袭人:1.0, 贾宝玉:1.0, 麝月:1.0
史太君:1.0, 贾政:1.0, 贾环:1.0, 贾琏:1.0, 赵姨娘:1.0
史太君:1.0, 史湘云:1.0, 李纨:1.0, 林黛玉:1.0, 王夫人:1.0, 王熙凤:1.0, 薛姨妈:1.0, 薛宝钗:1.0, 贾宝玉:1.0
林黛玉:1.0, 王夫人:1.0, 薛宝钗:1.0, 袭人:1.0, 贾宝玉:1.0, 鸳鸯:1.0
冯紫英:1.0, 薛蟠:1.0, 贾宝玉:1.0
李守中:1.0, 李纨:1.0, 林黛玉:1.0, 贾兰:1.0, 贾珠:1.0
秦钟:1.0, 茗烟:1.0, 贾兰:1.0, 贾宝玉:1.0, 贾瑞:1.0, 贾菌:1.0, 贾蔷:1.0
史太君:1.0, 贾政:1.0, 鸳鸯:1.0
住儿:1.0, 司棋:1.0, 待书:1.0, 林黛玉:1.0, 王熙凤:1.0, 薛宝琴:1.0, 薛宝钗:1.0, 贾探春:1.0, 贾迎春:1.0
李纨:1.0, 王夫人:1.0, 薛姨妈:1.0, 贾琏:1.0
柳五儿:1.0, 贾宝玉:1.0
平儿:1.0, 贾宝玉:1.0
李纨:1.0, 林黛玉:1.0, 王熙凤:1.0, 素云:1.0, 贾兰:1.0
贾宝玉:1.0, 雪雁:1.0
兴儿:1.0, 周瑞:1.0, 尤二姐:1.0, 李纨:1.0, 来旺:1.0, 王熙凤:1.0, 鲍二家的:1.0
史太君:1.0, 王夫人:1.0, 王熙凤:1.0, 薛姨妈:1.0, 袭人:1.0, 贾元春:1.0, 贾宝玉:1.0, 贾政:1.0, 贾琏:1.0, 贾雨村:1.0, 鸳鸯:1.0
史太君:1.0, 王熙凤:1.0, 贾琏:1.0, 贾赦:1.0, 邢夫人:1.0, 鸳鸯:1.0
史太君:1.0, 李纨:1.0, 王夫人:1.0, 王熙凤:1.0, 贾政:1.0, 贾琏:1.0, 贾赦:1.0, 邢夫人:1.0, 鸳鸯:1.0
史太君:1.0, 王夫人:1.0, 秦可卿:1.0, 秦钟:1.0, 贾宝玉:1.0, 贾蓉:1.0
林黛玉:1.0, 翠墨:1.0, 薛宝琴:1.0, 薛宝钗:1.0, 贾宝玉:1.0, 贾探春:1.0, 赖大:1.0
史太君:1.0, 贾宝玉:1.0, 贾政:1.0, 贾芸:1.0, 麝月:1.0
晴雯:1.0, 林黛玉:1.0, 王夫人:1.0, 紫鹃:1.0, 贾宝玉:1.0, 贾赦:1.0
芳官:1.0, 赵姨娘:1.0
佩凤:1.0, 偕鸾:1.0, 史太君:1.0, 尤氏:1.0, 平儿:1.0, 王夫人:1.0, 王子腾:1.0, 王熙凤:1.0, 秋桐:1.0, 薛姨妈:1.0, 薛宝钗:1.0, 贾宝玉:1.0, 贾巧姐:1.0, 贾惜春:1.0, 贾政:1.0, 贾珍:1.0, 贾琏:1.0, 贾蓉:1.0, 贾赦:1.0, 邢夫人:1.0, 鸳鸯:1.0
平儿:1.0, 待书:1.0, 素云:1.0, 薛宝钗:1.0, 贾探春:1.0
张材家的:1.0, 王熙凤:1.0, 贾宝玉:1.0
史太君:1.0, 李纨:1.0, 林黛玉:1.0, 贾兰:1.0, 贾宝玉:1.0, 贾探春:1.0, 贾环:1.0
史太君:1.0, 尤氏:1.0, 王夫人:1.0, 王熙凤:1.0, 贾惜春:1.0, 贾政:1.0, 贾珍:1.0, 贾赦:1.0, 邢夫人:1.0
王夫人:1.0, 王熙凤:1.0, 邢夫人:1.0
史太君:1.0, 平儿:1.0, 李纨:1.0, 王夫人:1.0, 王熙凤:1.0, 贾政:1.0, 邢夫人:1.0
周瑞:1.0, 周瑞家的:1.0, 李纨:1.0, 金钏:1.0, 香菱:1.0
坠儿:1.0, 宋嬷嬷:1.0, 晴雯:1.0, 篆儿:1.0, 袭人:1.0, 贾宝玉:1.0, 麝月:1.0
史太君:1.0, 智能:1.0, 林如海:1.0, 林黛玉:1.0, 王子腾:1.0, 秦业:1.0, 秦钟:1.0, 贾元春:1.0, 贾宝玉:1.0, 贾琏:1.0, 贾雨村:1.0
史湘云:1.0, 翠墨:1.0, 袭人:1.0, 贾宝玉:1.0
王夫人:1.0, 王熙凤:1.0, 薛宝钗:1.0, 贾宝玉:1.0
史湘云:1.0, 林黛玉:1.0, 薛宝钗:1.0, 贾宝玉:1.0
史太君:1.0, 林黛玉:1.0, 王夫人:1.0, 王熙凤:1.0, 珍珠:1.0, 贾宝玉:1.0
史太君:1.0, 孙绍祖:1.0, 王夫人:1.0, 薛姨妈:1.0, 贾宝玉:1.0, 贾赦:1.0, 贾迎春:1.0, 邢夫人:1.0
小红:1.0, 王熙凤:1.0, 贾巧姐:1.0, 贾珍:1.0, 贾芸:1.0
史太君:1.0, 同喜:1.0, 王夫人:1.0, 莺儿:1.0, 薛姨妈:1.0, 薛宝钗:1.0, 薛蟠:1.0
尤二姐:1.0, 平儿:1.0, 王夫人:1.0, 王熙凤:1.0, 秋桐:1.0, 贾琏:1.0
史太君:1.0, 王夫人:1.0, 薛宝钗:1.0, 袭人:1.0, 贾宝玉:1.0, 贾政:1.0, 贾珍:1.0, 鸳鸯:1.0
史太君:1.0, 柳家的:1.0
史太君:1.0, 平儿:1.0, 薛宝钗:1.0, 香菱:1.0
史太君:1.0, 善姐:1.0, 尤二姐:1.0, 尤氏:1.0, 李纨:1.0, 王熙凤:1.0, 贾元春:1.0
史湘云:1.0, 林黛玉:1.0, 薛宝琴:1.0, 袭人:1.0, 贾兰:1.0, 贾宝玉:1.0, 贾环:1.0, 贾琏:1.0, 贾琮:1.0, 贾蓉:1.0, 香菱:1.0
史太君:1.0, 李纨:1.0, 王夫人:1.0, 紫鹃:1.0, 薛宝钗:1.0, 贾兰:1.0, 贾宝玉:1.0, 贾惜春:1.0
林黛玉:1.0, 王夫人:1.0, 薛宝钗:1.0, 袭人:1.0, 贾宝玉:1.0, 金钏:1.0
史太君:1.0, 晴雯:1.0, 林黛玉:1.0, 柳五儿:1.0, 紫鹃:1.0, 芳官:1.0, 贾宝玉:1.0, 雪雁:1.0
佩凤:1.0, 史太君:1.0, 周瑞:1.0, 周瑞家的:1.0, 尤氏:1.0, 林之孝:1.0, 林之孝家的:1.0, 水溶:1.0, 王夫人:1.0, 王熙凤:1.0, 贾元春:1.0, 贾政:1.0, 贾珍:1.0, 贾琏:1.0, 贾赦:1.0, 赖大:1.0, 邢夫人:1.0
史太君:1.0, 多官:1.0, 玉钏:1.0, 王夫人:1.0, 王熙凤:1.0, 琥珀:1.0, 贾宝玉:1.0, 贾环:1.0, 赵姨娘:1.0, 鸳鸯:1.0
刘姥姥:1.0, 平儿:1.0, 王仁:1.0, 王夫人:1.0, 贾巧姐:1.0, 贾琏:1.0, 贾芸:1.0, 邢夫人:1.0
芳官:1.0, 茗烟:1.0, 贾宝玉:1.0
史太君:1.0, 林黛玉:1.0, 秋纹:1.0, 紫鹃:1.0, 贾宝玉:1.0
史太君:1.0, 珍珠:1.0, 袭人:1.0, 贾宝玉:1.0
史太君:1.0, 平儿:1.0, 李纨:1.0, 王熙凤:1.0, 贾宝玉:1.0, 贾珍:1.0, 邢夫人:1.0
晴雯:1.0, 林黛玉:1.0, 玻璃:1.0, 袭人:1.0, 贾宝玉:1.0
平儿:1.0, 待书:1.0, 李纨:1.0, 素云:1.0, 莺儿:1.0, 薛宝钗:1.0, 贾探春:1.0, 赵姨娘:1.0
林黛玉:1.0, 薛宝钗:1.0, 袭人:1.0, 贾宝玉:1.0, 贾探春:1.0, 赵姨娘:1.0
史太君:1.0, 李纨:1.0, 林黛玉:1.0, 王夫人:1.0, 王熙凤:1.0, 薛宝钗:1.0, 贾宝玉:1.0
刘姥姥:1.0, 史太君:1.0, 周瑞:1.0, 周瑞家的:1.0, 林黛玉:1.0
小红:1.0, 李嬷嬷:1.0, 莺儿:1.0, 薛宝钗:1.0, 贾宝玉:1.0
史太君:1.0, 李纨:1.0, 贾宝玉:1.0, 贾探春:1.0
刘姥姥:1.0, 史太君:1.0, 李纨:1.0, 林黛玉:1.0, 玉钏:1.0, 王夫人:1.0, 王熙凤:1.0, 薛姨妈:1.0, 薛宝钗:1.0, 贾宝玉:1.0, 贾迎春:1.0, 鸳鸯:1.0
周姨娘:1.0, 李纨:1.0, 王夫人:1.0, 薛宝钗:1.0, 贾宝玉:1.0, 贾政:1.0, 贾环:1.0, 赵姨娘:1.0, 邢夫人:1.0, 鹦鹉:1.0
史太君:1.0, 尤三姐:1.0, 尤二姐:1.0, 尤氏:1.0, 贾敬:1.0, 贾珍:1.0, 贾蓉:1.0
史太君:1.0, 平儿:1.0, 李纨:1.0, 王夫人:1.0, 王熙凤:1.0, 薛姨妈:1.0, 薛宝钗:1.0, 贾宝玉:1.0, 贾惜春:1.0, 贾探春:1.0, 贾琏:1.0, 贾迎春:1.0, 邢夫人:1.0
李纨:1.0, 林黛玉:1.0, 薛宝钗:1.0, 贾探春:1.0, 香菱:1.0
丰儿:1.0, 小红:1.0, 王熙凤:1.0, 贾探春:1.0, 贾琏:1.0
史太君:1.0, 林黛玉:1.0, 王熙凤:1.0, 程日兴:1.0, 薛宝钗:1.0, 贾宝玉:1.0, 贾惜春:1.0
平儿:1.0, 王夫人:1.0, 贾巧姐:1.0, 贾环:1.0, 贾芸:1.0, 赵姨娘:1.0, 邢夫人:1.0
李纨:1.0, 王夫人:1.0, 王熙凤:1.0, 薛宝钗:1.0, 贾探春:1.0
史太君:1.0, 史湘云:1.0, 王夫人:1.0, 王熙凤:1.0, 薛姨妈:1.0, 薛宝钗:1.0
司棋:1.0, 晴雯:1.0, 林黛玉:1.0, 秋纹:1.0, 袭人:1.0, 贾宝玉:1.0, 鸳鸯:1.0, 麝月:1.0
丰儿:1.0, 周瑞:1.0, 周瑞家的:1.0, 平儿:1.0, 智能:1.0, 李纨:1.0, 王熙凤:1.0, 玻璃:1.0, 贾琏:1.0
贾元春:1.0, 贾兰:1.0, 贾宝玉:1.0, 贾探春:1.0, 贾政:1.0, 贾环:1.0
史太君:1.0, 林黛玉:1.0, 王夫人:1.0, 王子腾:1.0, 王熙凤:1.0, 袭人:1.0, 贾宝玉:1.0, 贾琏:1.0
史太君:1.0, 林黛玉:1.0, 王仁:1.0, 王夫人:1.0, 王子腾:1.0, 王熙凤:1.0, 紫鹃:1.0, 袭人:1.0, 贾元春:1.0, 贾宝玉:1.0, 贾探春:1.0, 贾政:1.0
史太君:1.0, 林黛玉:1.0, 贾宝玉:1.0, 贾探春:1.0
柳五儿:1.0, 柳家的:1.0, 芳官:1.0, 贾宝玉:1.0
佳蕙:1.0, 史太君:1.0, 周姨娘:1.0, 晴雯:1.0, 林黛玉:1.0, 玉钏:1.0, 王夫人:1.0, 王熙凤:1.0, 薛姨妈:1.0, 袭人:1.0, 贾宝玉:1.0, 赵姨娘:1.0, 麝月:1.0
史太君:1.0, 王夫人:1.0, 王熙凤:1.0, 贾政:1.0
史太君:1.0, 王夫人:1.0, 王熙凤:1.0, 袭人:1.0, 贾宝玉:1.0, 贾环:1.0, 赵姨娘:1.0
史太君:1.0, 周瑞:1.0, 王熙凤:1.0, 琥珀:1.0, 贾珍:1.0
云儿:1.0, 史太君:1.0, 王夫人:1.0, 王熙凤:1.0, 琥珀:1.0, 秋纹:1.0, 袭人:1.0, 贾宝玉:1.0, 鸳鸯:1.0, 麝月:1.0
小霞:1.0, 彩霞:1.0, 来旺:1.0, 王夫人:1.0, 王熙凤:1.0, 贾宝玉:1.0, 贾政:1.0, 贾环:1.0, 赵姨娘:1.0
刘姥姥:1.0, 史太君:1.0, 周瑞:1.0, 周瑞家的:1.0, 平儿:1.0, 张材家的:1.0, 李纨:1.0, 板儿:1.0, 王熙凤:1.0
水溶:1.0, 贾政:1.0, 贾珍:1.0, 贾赦:1.0
小螺:1.0, 彩云:1.0, 晴雯:1.0, 林黛玉:1.0, 莺儿:1.0, 薛宝钗:1.0, 贾宝玉:1.0
兴儿:1.0, 史太君:1.0, 尤三姐:1.0, 尤二姐:1.0, 林黛玉:1.0, 贾宝玉:1.0, 隆儿:1.0, 鲍二家的:1.0
史太君:1.0, 平儿:1.0, 秋纹:1.0, 袭人:1.0, 贾宝玉:1.0
秦钟:1.0, 贾宝玉:1.0, 贾瑞:1.0, 贾蓉:1.0
小红:1.0, 林黛玉:1.0, 袭人:1.0, 贾芸:1.0
史太君:1.0, 彩云:1.0, 彩霞:1.0, 玉钏:1.0, 王夫人:1.0, 玻璃:1.0, 琥珀:1.0, 翡翠:1.0, 贾宝玉:1.0, 鸳鸯:1.0
史太君:1.0, 林黛玉:1.0, 王夫人:1.0, 王熙凤:1.0, 紫鹃:1.0, 薛宝钗:1.0, 贾宝玉:1.0, 贾雨村:1.0, 邢夫人:1.0, 鸳鸯:1.0
史太君:1.0, 李纨:1.0, 王夫人:1.0, 王熙凤:1.0, 薛宝钗:1.0, 贾探春:1.0
丰儿:1.0, 伴鹤:1.0, 史太君:1.0, 平儿:1.0, 引泉:1.0, 扫花:1.0, 王熙凤:1.0, 绮霰:1.0, 贾宝玉:1.0, 贾芸:1.0, 锄药:1.0
史太君:1.0, 林黛玉:1.0, 王夫人:1.0, 王熙凤:1.0, 薛姨妈:1.0, 薛宝钗:1.0, 贾宝玉:1.0, 贾政:1.0
史太君:1.0, 李纨:1.0, 王熙凤:1.0, 薛宝钗:1.0, 贾宝玉:1.0, 贾政:1.0
尤氏:1.0, 焦大:1.0, 王熙凤:1.0, 秦可卿:1.0, 秦钟:1.0, 贾珍:1.0
史太君:1.0, 茗烟:1.0, 贾宝玉:1.0
平儿:1.0, 李纨:1.0, 贾宝玉:1.0, 贾探春:1.0, 贾环:1.0
薛姨妈:1.0, 薛宝钗:1.0, 薛蟠:1.0
史太君:1.0, 史湘云:1.0, 史鼐:1.0, 王熙凤:1.0, 薛宝钗:1.0
文官:1.0, 贾元春:1.0, 贾探春:1.0, 贾政:1.0, 贾珍:1.0, 贾菖:1.0, 贾菱:1.0, 贾蔷:1.0
李纨:1.0, 王济仁:1.0, 茗烟:1.0, 贾宝玉:1.0, 麝月:1.0
焦大:1.0, 贾珍:1.0
史太君:1.0, 彩屏:1.0, 李纨:1.0, 贾惜春:1.0, 鸳鸯:1.0
史太君:1.0, 周姨娘:1.0, 彩云:1.0, 王熙凤:1.0, 贾环:1.0, 贾赦:1.0, 赵姨娘:1.0, 邢夫人:1.0, 马道婆:1.0, 鸳鸯:1.0
林黛玉:1.0, 王夫人:1.0, 贾政:1.0
史太君:1.0, 王夫人:1.0, 王熙凤:1.0, 薛姨妈:1.0, 薛宝钗:1.0, 薛蟠:1.0
甄士隐:1.0, 袭人:1.0, 贾雨村:1.0
刘姥姥:1.0, 史太君:1.0, 板儿:1.0, 王夫人:1.0, 王熙凤:1.0, 薛姨妈:1.0, 贾宝玉:1.0, 贾探春:1.0
晴雯:1.0, 林黛玉:1.0, 柳五儿:1.0, 王夫人:1.0, 王熙凤:1.0, 芳官:1.0, 薛宝钗:1.0, 袭人:1.0, 贾宝玉:1.0, 麝月:1.0
史太君:1.0, 平儿:1.0, 李纨:1.0, 林之孝:1.0, 林之孝家的:1.0, 林黛玉:1.0, 珍珠:1.0, 紫鹃:1.0, 雪雁:1.0
史太君:1.0, 王夫人:1.0, 王熙凤:1.0, 莺儿:1.0, 薛宝钗:1.0, 袭人:1.0, 贾宝玉:1.0, 贾探春:1.0, 贾迎春:1.0, 邢夫人:1.0
史太君:1.0, 贾政:1.0, 贾珍:1.0, 贾蓉:1.0, 贾赦:1.0, 鸳鸯:1.0
史太君:1.0, 梅翰林:1.0, 王熙凤:1.0, 薛姨妈:1.0, 薛宝琴:1.0, 贾宝玉:1.0
史太君:1.0, 张道士:1.0, 贾宝玉:1.0
史太君:1.0, 晴雯:1.0, 王夫人:1.0, 王熙凤:1.0, 薛宝钗:1.0, 贾兰:1.0, 贾宝玉:1.0, 贾迎春:1.0
冷子兴:1.0, 林如海:1.0, 贾政:1.0, 贾雨村:1.0
坠儿:1.0, 平儿:1.0, 晴雯:1.0, 贾宝玉:1.0
夏婆子:1.0, 艾官:1.0, 藕官:1.0, 贾宝玉:1.0, 贾探春:1.0
史湘云:1.0, 周瑞:1.0, 周瑞家的:1.0, 平儿:1.0, 林黛玉:1.0, 王熙凤:1.0, 紫鹃:1.0, 贾元春:1.0, 贾宝玉:1.0, 贾琏:1.0, 赵姨娘:1.0
史太君:1.0, 李纨:1.0, 王夫人:1.0, 贾宝玉:1.0
史湘云:1.0, 平儿:1.0, 李婶:1.0, 李纨:1.0, 林黛玉:1.0, 王熙凤:1.0, 薛宝琴:1.0, 薛宝钗:1.0, 贾探春:1.0
史太君:1.0, 水溶:1.0, 王熙凤:1.0, 贾政:1.0, 贾琏:1.0
史太君:1.0, 王夫人:1.0, 王子腾:1.0, 王熙凤:1.0, 薛姨妈:1.0, 薛宝钗:1.0, 贾宝玉:1.0, 鸳鸯:1.0
晴雯:1.0, 柳五儿:1.0, 柳家的:1.0, 贾宝玉:1.0
史太君:1.0, 周瑞:1.0, 平儿:1.0, 林之孝:1.0, 王熙凤:1.0, 贾惜春:1.0, 贾珍:1.0
史湘云:1.0, 李婶:1.0, 李纨:1.0, 林黛玉:1.0, 贾宝玉:1.0
史太君:1.0, 彩云:1.0, 晴雯:1.0, 檀云:1.0, 王夫人:1.0, 玻璃:1.0, 秋纹:1.0, 薛宝钗:1.0, 袭人:1.0, 麝月:1.0
史太君:1.0, 林黛玉:1.0, 王熙凤:1.0, 秦可卿:1.0, 贾兰:1.0, 贾宝玉:1.0, 贾政:1.0, 贾蓉:1.0, 鸳鸯:1.0
林黛玉:1.0, 王夫人:1.0, 王熙凤:1.0, 薛宝钗:1.0, 贾宝玉:1.0, 贾迎春:1.0, 金钏:1.0
贾政:1.0, 贾环:1.0
傻大姐:1.0, 史太君:1.0, 林黛玉:1.0, 王熙凤:1.0, 秋纹:1.0, 紫鹃:1.0, 薛宝钗:1.0, 贾宝玉:1.0, 雪雁:1.0
刘姥姥:1.0, 史太君:1.0, 李纨:1.0, 王熙凤:1.0, 素云:1.0, 袭人:1.0, 贾探春:1.0, 鸳鸯:1.0
史太君:1.0, 喜鸾:1.0, 尤氏:1.0, 李纨:1.0, 王熙凤:1.0, 贾宝玉:1.0, 贾探春:1.0, 鸳鸯:1.0
史太君:1.0, 王夫人:1.0, 贾元春:1.0
史太君:1.0, 晴雯:1.0, 王夫人:1.0, 袭人:1.0, 贾宝玉:1.0, 麝月:1.0
彩霞:1.0, 王熙凤:1.0, 贾琏:1.0
史湘云:1.0, 尤氏:1.0, 李纨:1.0, 林黛玉:1.0, 薛宝琴:1.0, 贾元春:1.0, 贾宝玉:1.0, 贾惜春:1.0, 贾探春:1.0, 贾珍:1.0
史湘云:1.0, 香菱:1.0
刘姥姥:1.0, 袭人:1.0, 贾宝玉:1.0
史太君:1.0, 史湘云:1.0, 贾宝玉:1.0
史太君:1.0, 史湘云:1.0, 林黛玉:1.0, 薛宝钗:1.0, 贾宝玉:1.0, 贾政:1.0
史太君:1.0, 尤氏:1.0, 平儿:1.0, 王熙凤:1.0, 贾琏:1.0, 鲍二家的:1.0
玉钏:1.0, 王夫人:1.0, 金钏:1.0
云儿:1.0, 史湘云:1.0, 妙玉:1.0, 李纨:1.0, 林黛玉:1.0, 薛宝钗:1.0, 贾宝玉:1.0
刘姥姥:1.0, 平儿:1.0, 王熙凤:1.0
入画:1.0, 司棋:1.0, 小红:1.0, 待书:1.0, 晴雯:1.0, 王熙凤:1.0, 绮霰:1.0, 莺儿:1.0, 薛宝钗:1.0, 贾探春:1.0, 麝月:1.0
史太君:1.0, 薛蝌:1.0, 贾政:1.0, 贾琏:1.0, 贾赦:1.0
史太君:1.0, 林黛玉:1.0, 薛宝钗:1.0, 袭人:1.0, 贾宝玉:1.0, 麝月:1.0
史太君:1.0, 薛姨妈:1.0, 贾政:1.0, 贾琏:1.0
史太君:1.0, 妙玉:1.0, 王夫人:1.0, 王熙凤:1.0, 薛宝钗:1.0, 贾惜春:1.0, 贾琏:1.0, 邢岫烟:1.0, 鸳鸯:1.0
佳蕙:1.0, 小红:1.0, 林黛玉:1.0
小螺:1.0, 林黛玉:1.0, 紫鹃:1.0, 薛宝琴:1.0, 薛宝钗:1.0, 贾宝玉:1.0, 贾探春:1.0, 赖大:1.0, 邢岫烟:1.0
史太君:1.0, 司棋:1.0, 周瑞:1.0, 周瑞家的:1.0, 待书:1.0, 李纨:1.0, 林黛玉:1.0, 王夫人:1.0, 贾宝玉:1.0, 贾探春:1.0, 贾迎春:1.0
刘姥姥:1.0, 史太君:1.0, 贾惜春:1.0
冯紫英:1.0, 詹光:1.0, 贾政:1.0
云儿:1.0, 小螺:1.0, 林黛玉:1.0, 薛宝琴:1.0, 薛宝钗:1.0, 贾宝玉:1.0
史太君:1.0, 林黛玉:1.0, 王夫人:1.0, 王熙凤:1.0, 紫鹃:1.0, 袭人:1.0
史太君:1.0, 王夫人:1.0, 王熙凤:1.0, 贾宝玉:1.0, 金钏:1.0
丰儿:1.0, 平儿:1.0, 王熙凤:1.0, 邢岫烟:1.0
刘姥姥:1.0, 小红:1.0, 平儿:1.0, 王熙凤:1.0, 赵姨娘:1.0, 青儿:1.0
薛姨妈:1.0, 薛宝钗:1.0, 薛蟠:1.0, 贾珍:1.0, 香菱:1.0
史太君:1.0, 小红:1.0, 林黛玉:1.0, 王熙凤:1.0, 薛宝钗:1.0, 贾宝玉:1.0, 贾惜春:1.0, 贾探春:1.0
尤氏:1.0, 王熙凤:1.0, 秦可卿:1.0
春燕:1.0, 晴雯:1.0, 芳官:1.0, 莺儿:1.0, 藕官:1.0, 袭人:1.0
史太君:1.0, 林黛玉:1.0, 王夫人:1.0, 王熙凤:1.0, 贾宝玉:1.0, 邢岫烟:1.0
李纨:1.0, 林黛玉:1.0, 紫鹃:1.0, 薛宝钗:1.0, 贾宝玉:1.0, 贾探春:1.0, 雪雁:1.0
史太君:1.0, 晴雯:1.0, 王善保家的:1.0, 王夫人:1.0, 王熙凤:1.0, 秋纹:1.0, 袭人:1.0, 贾宝玉:1.0, 麝月:1.0
夏金桂:1.0, 薛蝌:1.0, 邢岫烟:1.0
傅秋芳:1.0, 傅试:1.0, 晴雯:1.0, 玉钏:1.0, 贾宝玉:1.0, 贾政:1.0
史太君:1.0, 贾兰:1.0, 贾宝玉:1.0, 贾政:1.0
小红:1.0, 秋纹:1.0, 贾宝玉:1.0, 贾芸:1.0
史太君:1.0, 紫鹃:1.0, 翠缕:1.0
薛宝琴:1.0, 薛宝钗:1.0, 薛蝌:1.0, 贾宝玉:1.0
史太君:1.0, 晴雯:1.0, 薛宝钗:1.0, 贾宝玉:1.0, 贾赦:1.0
玻璃:1.0, 琥珀:1.0
尤二姐:1.0, 贾琏:1.0, 贾蓉:1.0
史太君:1.0, 尤氏:1.0, 李纨:1.0, 王夫人:1.0, 王熙凤:1.0, 薛宝钗:1.0, 贾元春:1.0, 贾兰:1.0, 贾宝玉:1.0, 贾惜春:1.0, 贾政:1.0, 贾环:1.0, 贾珍:1.0, 贾琏:1.0, 贾蓉:1.0, 贾赦:1.0, 邢夫人:1.0, 鸳鸯:1.0
史太君:1.0, 待书:1.0, 林黛玉:1.0, 紫鹃:1.0, 雪雁:1.0
刘姥姥:1.0, 平儿:1.0
薛宝钗:1.0, 贾元春:1.0
夏婆子:1.0, 芳官:1.0, 藕官:1.0, 贾宝玉:1.0, 贾环:1.0, 赵姨娘:1.0
王夫人:1.0, 王熙凤:1.0
史太君:1.0, 尤氏:1.0, 李纨:1.0, 王熙凤:1.0, 贾元春:1.0, 贾宝玉:1.0
傅试:1.0, 史太君:1.0, 林黛玉:1.0, 紫鹃:1.0, 贾宝玉:1.0, 鸳鸯:1.0
封肃:1.0, 甄士隐:1.0
尤氏:1.0, 李纨:1.0, 秦可卿:1.0, 秦钟:1.0, 贾珍:1.0, 金氏:1.0
小红:1.0, 张材家的:1.0, 王熙凤:1.0, 贾宝玉:1.0
刘姥姥:1.0, 史太君:1.0, 茗玉:1.0, 贾宝玉:1.0
史太君:1.0, 尤氏:1.0, 王夫人:1.0, 王熙凤:1.0, 薛姨妈:1.0, 赖大:1.0, 邢夫人:1.0, 鸳鸯:1.0
平儿:1.0, 李婶:1.0, 李纨:1.0, 王熙凤:1.0, 薛宝钗:1.0
史太君:1.0, 女先儿:1.0, 王熙凤:1.0
史太君:1.0, 林黛玉:1.0, 王夫人:1.0, 王济仁:1.0, 琥珀:1.0, 紫鹃:1.0, 薛姨妈:1.0, 薛宝钗:1.0, 贾宝玉:1.0
贾元春:1.0, 贾政:1.0
史太君:1.0, 林黛玉:1.0, 玻璃:1.0, 贾源:1.0
史湘云:1.0, 李纨:1.0, 林黛玉:1.0, 紫鹃:1.0, 翠缕:1.0
刘姥姥:1.0, 平儿:1.0, 贾巧姐:1.0, 青儿:1.0
丰儿:1.0, 史太君:1.0, 周瑞:1.0, 平儿:1.0, 来旺:1.0, 王夫人:1.0, 王熙凤:1.0, 贾琏:1.0
林黛玉:1.0, 紫鹃:1.0, 袭人:1.0, 贾宝玉:1.0, 贾芸:1.0, 锄药:1.0, 雪雁:1.0
史太君:1.0, 平儿:1.0, 袭人:1.0, 贾宝玉:1.0, 鸳鸯:1.0
单聘仁:1.0, 史太君:1.0, 吴新登:1.0, 戴良:1.0, 秦可卿:1.0, 薛宝钗:1.0, 詹光:1.0, 贾宝玉:1.0, 钱华:1.0
史太君:1.0, 林黛玉:1.0, 王夫人:1.0, 王熙凤:1.0, 薛姨妈:1.0, 薛宝钗:1.0, 贾巧姐:1.0, 香菱:1.0
贾宝玉:1.0, 贾政:1.0, 贾琏:1.0
史太君:1.0, 平儿:1.0, 王熙凤:1.0
坠儿:1.0, 平儿:1.0, 晴雯:1.0, 李婶:1.0, 李纨:1.0, 李纹:1.0, 李绮:1.0, 袭人:1.0, 贾宝玉:1.0, 贾迎春:1.0, 邢夫人:1.0, 邢岫烟:1.0, 麝月:1.0
史太君:1.0, 文官:1.0, 王夫人:1.0, 王熙凤:1.0, 薛宝钗:1.0, 袭人:1.0, 贾宝玉:1.0
贾宝玉:1.0, 贾政:1.0, 贾琏:1.0, 贾雨村:1.0
柳家的:1.0, 芳官:1.0
史太君:1.0, 王夫人:1.0, 薛姨妈:1.0
史太君:1.0, 晴雯:1.0, 檀云:1.0, 王夫人:1.0, 秋纹:1.0, 贾宝玉:1.0, 麝月:1.0
翠墨:1.0, 贾宝玉:1.0, 贾政:1.0
史太君:1.0, 史湘云:1.0, 平儿:1.0, 彩霞:1.0, 玉钏:1.0, 王熙凤:1.0, 琥珀:1.0, 素云:1.0, 紫鹃:1.0, 翠墨:1.0, 翠缕:1.0, 茜雪:1.0, 袭人:1.0, 贾赦:1.0, 邢夫人:1.0, 金钏:1.0, 鸳鸯:1.0, 麝月:1.0
兴儿:1.0, 史太君:1.0, 尤二姐:1.0, 尤氏:1.0, 平儿:1.0, 李纨:1.0, 林黛玉:1.0, 薛宝钗:1.0, 贾珍:1.0, 贾琏:1.0, 贾迎春:1.0, 邢夫人:1.0, 隆儿:1.0
入画:1.0, 司棋:1.0, 周瑞:1.0, 周瑞家的:1.0, 四儿:1.0, 晴雯:1.0, 王善保家的:1.0, 王夫人:1.0, 芳官:1.0, 袭人:1.0, 贾宝玉:1.0, 麝月:1.0
甄士隐:1.0, 警幻仙子:1.0, 贾宝玉:1.0, 香菱:1.0
林黛玉:1.0, 王熙凤:1.0, 紫鹃:1.0, 薛宝钗:1.0, 贾宝玉:1.0, 贾探春:1.0
李纨:1.0, 林之孝:1.0, 林之孝家的:1.0, 林黛玉:1.0, 王熙凤:1.0, 紫鹃:1.0, 薛宝钗:1.0, 贾宝玉:1.0, 贾探春:1.0
林黛玉:1.0, 贾宝玉:1.0, 邢岫烟:1.0
史湘云:1.0, 芳官:1.0, 薛宝钗:1.0, 袭人:1.0, 贾宝玉:1.0, 贾探春:1.0
丰儿:1.0, 史太君:1.0, 小红:1.0, 平儿:1.0, 林之孝:1.0, 王熙凤:1.0, 琥珀:1.0, 秋桐:1.0, 贾惜春:1.0, 贾政:1.0, 贾琏:1.0, 贾芸:1.0, 邢夫人:1.0, 鸳鸯:1.0
冯紫英:1.0, 史太君:1.0, 玻璃:1.0, 詹光:1.0, 贾政:1.0
史太君:1.0, 彩缤:1.0, 昭容:1.0, 王夫人:1.0, 绣凤:1.0, 贾元春:1.0, 贾赦:1.0, 邢夫人:1.0
玻璃:1.0, 贾元春:1.0, 贾宝玉:1.0, 贾政:1.0
尤三姐:1.0, 王熙凤:1.0, 贾宝玉:1.0, 贾探春:1.0, 贾珍:1.0, 贾琏:1.0, 贾蓉:1.0
史太君:1.0, 林黛玉:1.0, 紫鹃:1.0, 翠墨:1.0, 翠缕:1.0, 贾宝玉:1.0, 雪雁:1.0
平儿:1.0, 薛宝钗:1.0, 贾宝玉:1.0
王夫人:1.0, 琥珀:1.0, 贾元春:1.0, 贾政:1.0, 贾琏:1.0, 邢夫人:1.0
柳五儿:1.0, 芳官:1.0, 袭人:1.0, 贾宝玉:1.0, 贾探春:1.0, 赵姨娘:1.0
刘姥姥:1.0, 平儿:1.0, 彩云:1.0, 王夫人:1.0, 贾巧姐:1.0, 贾琏:1.0, 贾芸:1.0, 贾赦:1.0, 邢夫人:1.0
史太君:1.0, 王夫人:1.0, 王熙凤:1.0, 薛姨妈:1.0, 薛宝钗:1.0, 贾宝玉:1.0, 贾探春:1.0, 贾政:1.0
李纨:1.0, 柳五儿:1.0, 秋纹:1.0, 紫鹃:1.0, 莺儿:1.0, 薛宝钗:1.0, 袭人:1.0, 麝月:1.0
薛姨妈:1.0, 薛蝌:1.0
史太君:1.0, 林黛玉:1.0, 王夫人:1.0, 薛姨妈:1.0, 薛宝钗:1.0, 薛蟠:1.0, 贾政:1.0, 贾珍:1.0, 贾迎春:1.0
王熙凤:1.0, 秦钟:1.0, 贾宝玉:1.0, 贾迎春:1.0
王熙凤:1.0, 贾探春:1.0
坠儿:1.0, 莺儿:1.0, 袭人:1.0, 贾宝玉:1.0
史太君:1.0, 玻璃:1.0, 贾宝玉:1.0, 贾政:1.0, 贾珍:1.0
尤氏:1.0, 彩屏:1.0, 贾惜春:1.0
王济仁:1.0, 袭人:1.0, 贾宝玉:1.0
佩凤:1.0, 尤氏:1.0, 李纨:1.0, 王熙凤:1.0, 贾珍:1.0, 贾蓉:1.0, 贾蓉之妻:1.0
史太君:1.0, 史湘云:1.0, 文官:1.0, 李婶:1.0, 芳官:1.0, 葵官:1.0, 薛姨妈:1.0
佩凤:1.0, 傻大姐:1.0, 史太君:1.0, 周瑞:1.0, 周瑞家的:1.0, 嫣红:1.0, 平儿:1.0, 来旺:1.0, 林黛玉:1.0, 王夫人:1.0, 王熙凤:1.0, 翠云:1.0, 贾琏:1.0
戴权:1.0, 贾珍:1.0
史太君:1.0, 平儿:1.0, 李纨:1.0, 林黛玉:1.0, 王熙凤:1.0, 薛宝钗:1.0, 贾兰:1.0, 贾宝玉:1.0, 贾环:1.0, 贾赦:1.0, 赵姨娘:1.0
史太君:1.0, 史湘云:1.0, 周姨娘:1.0, 平儿:1.0, 李纨:1.0, 林黛玉:1.0, 王夫人:1.0, 王熙凤:1.0, 薛姨妈:1.0, 薛宝钗:1.0, 贾宝玉:1.0, 贾惜春:1.0, 贾探春:1.0, 贾迎春:1.0, 赵姨娘:1.0, 香菱:1.0
史太君:1.0, 王夫人:1.0, 薛姨妈:1.0, 薛宝钗:1.0, 薛蝌:1.0, 贾宝玉:1.0, 贾政:1.0
史太君:1.0, 李贵:1.0, 王夫人:1.0, 王熙凤:1.0, 薛姨妈:1.0, 薛宝钗:1.0, 贾宝玉:1.0, 贾探春:1.0, 贾政:1.0, 香菱:1.0
史太君:1.0, 张道士:1.0, 贾政:1.0, 贾珍:1.0, 贾赦:1.0
史太君:1.0, 彩云:1.0, 彩霞:1.0, 玉钏:1.0, 王夫人:1.0, 王子腾:1.0, 王熙凤:1.0, 薛姨妈:1.0, 薛宝钗:1.0, 贾宝玉:1.0, 贾环:1.0, 金钏:1.0
王熙凤:1.0, 贾珍:1.0
史太君:1.0, 秋纹:1.0, 袭人:1.0, 贾宝玉:1.0, 麝月:1.0
佩凤:1.0, 偕鸾:1.0, 史太君:1.0, 尤氏:1.0, 贾政:1.0, 贾珍:1.0, 贾琏:1.0, 贾蓉:1.0, 贾赦:1.0, 邢夫人:1.0
李纨:1.0, 林黛玉:1.0, 王熙凤:1.0, 紫鹃:1.0, 薛宝钗:1.0, 贾宝玉:1.0, 雪雁:1.0
史太君:1.0, 史湘云:1.0, 妙玉:1.0, 李纨:1.0, 李纹:1.0, 李绮:1.0, 林黛玉:1.0, 王熙凤:1.0, 玻璃:1.0, 薛宝琴:1.0, 薛宝钗:1.0, 贾宝玉:1.0, 贾惜春:1.0, 贾迎春:1.0, 邢岫烟:1.0, 香菱:1.0
史太君:1.0, 秋纹:1.0, 贾元春:1.0, 贾宝玉:1.0, 麝月:1.0
史太君:1.0, 王夫人:1.0, 贾政:1.0, 鸳鸯:1.0
夏金桂:1.0, 贾雨村:1.0
周瑞:1.0, 周瑞家的:1.0, 平儿:1.0, 王熙凤:1.0, 袭人:1.0, 金彩:1.0
史太君:1.0, 林黛玉:1.0, 王夫人:1.0, 紫鹃:1.0, 薛姨妈:1.0, 薛宝钗:1.0, 贾宝玉:1.0
史太君:1.0, 李纨:1.0, 王熙凤:1.0, 贾兰:1.0, 贾宝玉:1.0, 贾环:1.0, 贾琏:1.0, 邢夫人:1.0
李纨:1.0, 秦钟:1.0, 贾宝玉:1.0
史湘云:1.0, 林黛玉:1.0, 紫鹃:1.0, 薛宝琴:1.0, 薛宝钗:1.0, 贾宝玉:1.0, 贾探春:1.0, 贾政:1.0
丰儿:1.0, 王夫人:1.0, 王熙凤:1.0, 莺儿:1.0, 薛宝钗:1.0, 贾宝玉:1.0, 贾环:1.0, 贾迎春:1.0, 赵姨娘:1.0
彩云:1.0, 彩霞:1.0, 王夫人:1.0, 绣凤:1.0, 绣鸾:1.0, 贾宝玉:1.0, 贾惜春:1.0, 贾探春:1.0, 贾政:1.0, 贾环:1.0, 贾迎春:1.0, 赵姨娘:1.0, 金钏:1.0
晴雯:1.0, 林黛玉:1.0, 薛宝钗:1.0, 袭人:1.0, 贾宝玉:1.0, 香菱:1.0
妙玉:1.0, 林黛玉:1.0, 紫鹃:1.0, 翠缕:1.0
尤二姐:1.0, 尤氏:1.0, 贾珍:1.0, 贾琏:1.0
周瑞:1.0, 周瑞家的:1.0, 平儿:1.0, 王熙凤:1.0, 花自芳:1.0, 袭人:1.0
林黛玉:1.0, 莺儿:1.0, 薛宝钗:1.0
贾政:1.0, 贾琏:1.0, 贾芹:1.0, 贾蓉:1.0, 赖大:1.0
史太君:1.0, 王夫人:1.0, 王熙凤:1.0, 秋纹:1.0, 袭人:1.0, 贾元春:1.0, 贾宝玉:1.0, 贾琏:1.0, 麝月:1.0
入画:1.0, 史太君:1.0, 周瑞:1.0, 周瑞家的:1.0, 智能:1.0, 贾惜春:1.0
史太君:1.0, 史湘云:1.0, 尤氏:1.0, 李婶:1.0, 李纨:1.0, 林黛玉:1.0, 王夫人:1.0, 薛姨妈:1.0, 薛宝琴:1.0, 薛宝钗:1.0, 贾惜春:1.0, 贾探春:1.0, 贾环:1.0, 贾珍:1.0, 贾迎春:1.0, 赵姨娘:1.0, 邢岫烟:1.0, 香菱:1.0
贾宝玉:1.0, 贾雨村:1.0
史太君:1.0, 平儿:1.0, 李纨:1.0, 王熙凤:1.0, 薛宝钗:1.0, 袭人:1.0, 贾兰:1.0, 贾宝玉:1.0, 贾探春:1.0, 贾环:1.0
史太君:1.0, 王熙凤:1.0, 薛宝钗:1.0, 贾宝玉:1.0, 贾政:1.0, 贾琏:1.0, 鸳鸯:1.0
史太君:1.0, 尤二姐:1.0, 尤氏:1.0, 庆儿:1.0, 张华:1.0, 来旺:1.0, 王信:1.0, 王夫人:1.0, 王熙凤:1.0, 琥珀:1.0, 贾珍:1.0, 贾琏:1.0, 贾蓉:1.0, 邢夫人:1.0, 鸳鸯:1.0
云儿:1.0, 冯紫英:1.0, 蒋玉菡:1.0, 薛蟠:1.0, 袭人:1.0, 贾宝玉:1.0
林之孝:1.0, 王子腾:1.0, 贾琏:1.0
史太君:1.0, 李婶:1.0, 王夫人:1.0, 王熙凤:1.0, 薛姨妈:1.0, 薛宝琴:1.0, 贾元春:1.0, 贾宝玉:1.0, 贾敬:1.0, 贾珍:1.0, 贾赦:1.0
袭人:1.0, 贾宝玉:1.0, 麝月:1.0
尤氏:1.0, 王夫人:1.0, 王熙凤:1.0, 秦可卿:1.0, 贾宝玉:1.0, 贾蓉:1.0, 邢夫人:1.0
四儿:1.0, 贾宝玉:1.0
云儿:1.0, 冯紫英:1.0, 双寿:1.0, 双瑞:1.0, 蒋玉菡:1.0, 薛蟠:1.0, 贾宝玉:1.0, 锄药:1.0
史湘云:1.0, 李纨:1.0, 李纹:1.0, 李绮:1.0, 林黛玉:1.0, 王熙凤:1.0, 薛宝琴:1.0, 薛宝钗:1.0, 贾宝玉:1.0, 贾惜春:1.0, 贾探春:1.0, 贾迎春:1.0, 邢岫烟:1.0
春燕:1.0, 贾宝玉:1.0
妙玉:1.0, 尤氏:1.0, 王夫人:1.0, 薛宝钗:1.0, 袭人:1.0, 贾宝玉:1.0, 贾惜春:1.0, 贾政:1.0, 麝月:1.0
史太君:1.0, 晴雯:1.0, 柳五儿:1.0, 王熙凤:1.0, 贾兰:1.0, 贾宝玉:1.0, 贾巧姐:1.0, 贾环:1.0
史湘云:1.0, 林黛玉:1.0, 芳官:1.0, 贾宝玉:1.0, 麝月:1.0
史太君:1.0, 小红:1.0, 待书:1.0, 林黛玉:1.0, 紫鹃:1.0, 贾宝玉:1.0, 雪雁:1.0, 鹦鹉:1.0
史太君:1.0, 史湘云:1.0, 李纨:1.0, 林黛玉:1.0, 王夫人:1.0, 王熙凤:1.0, 薛宝钗:1.0, 贾元春:1.0, 贾兰:1.0, 贾宝玉:1.0, 贾政:1.0, 贾环:1.0
史太君:1.0, 薛姨妈:1.0, 薛宝钗:1.0, 香菱:1.0
史太君:1.0, 尤氏:1.0, 王熙凤:1.0
小红:1.0, 贾巧姐:1.0, 贾芸:1.0
史太君:1.0, 薛姨妈:1.0, 贾宝玉:1.0, 香菱:1.0
尤三姐:1.0, 柳湘莲:1.0, 薛姨妈:1.0, 薛宝钗:1.0
司棋:1.0, 坠儿:1.0, 小红:1.0, 待书:1.0, 文官:1.0, 林黛玉:1.0, 薛宝钗:1.0, 香菱:1.0
史太君:1.0, 尤氏:1.0, 王夫人:1.0, 薛姨妈:1.0, 贾珍:1.0, 贾琏:1.0
史太君:1.0, 尤氏:1.0, 张华:1.0, 王熙凤:1.0, 贾蓉:1.0
刘姥姥:1.0, 刘氏:1.0, 贾政:1.0
史湘云:1.0, 李纨:1.0, 薛宝琴:1.0, 邢岫烟:1.0
史太君:1.0, 薛宝钗:1.0, 香菱:1.0
李纨:1.0, 王熙凤:1.0, 薛宝钗:1.0
周瑞:1.0, 贾珍:1.0, 贾琏:1.0
史湘云:1.0, 薛宝钗:1.0, 薛蝌:1.0, 贾迎春:1.0, 邢夫人:1.0, 邢岫烟:1.0
王夫人:1.0, 薛宝钗:1.0, 袭人:1.0, 贾宝玉:1.0, 贾政:1.0, 贾琏:1.0
史太君:1.0, 蒋玉菡:1.0, 薛姨妈:1.0, 薛宝钗:1.0, 薛蟠:1.0, 袭人:1.0, 贾宝玉:1.0, 贾珍:1.0
甄宝玉:1.0, 莺儿:1.0, 薛宝钗:1.0, 袭人:1.0, 贾兰:1.0, 贾宝玉:1.0
尤氏:1.0, 王夫人:1.0, 王熙凤:1.0, 贾政:1.0, 贾蓉:1.0, 贾赦:1.0, 邢夫人:1.0
冯渊:1.0, 拐子:1.0, 贾雨村:1.0, 香菱:1.0
史太君:1.0, 水溶:1.0
史太君:1.0, 李纨:1.0, 王夫人:1.0, 王熙凤:1.0, 薛姨妈:1.0, 薛宝钗:1.0, 贾宝玉:1.0, 贾赦:1.0, 邢夫人:1.0, 鸳鸯:1.0
史太君:1.0, 平儿:1.0, 王夫人:1.0, 王熙凤:1.0, 琥珀:1.0, 薛姨妈:1.0, 贾巧姐:1.0
柳湘莲:1.0, 秦钟:1.0, 茗烟:1.0, 薛蟠:1.0, 贾宝玉:1.0, 赖尚荣:1.0
史太君:1.0, 林黛玉:1.0, 王夫人:1.0, 王熙凤:1.0, 袭人:1.0, 贾宝玉:1.0
史太君:1.0, 林黛玉:1.0, 王夫人:1.0, 薛姨妈:1.0, 薛蝌:1.0, 贾宝玉:1.0
玉钏:1.0, 莺儿:1.0
史太君:1.0, 林黛玉:1.0, 琥珀:1.0, 紫鹃:1.0, 贾宝玉:1.0
李纨:1.0, 林黛玉:1.0, 王夫人:1.0
史太君:1.0, 芳官:1.0, 蕊官:1.0, 藕官:1.0, 贾宝玉:1.0
史太君:1.0, 贾琏:1.0, 贾蓉:1.0
史太君:1.0, 尤氏:1.0, 平儿:1.0, 李纨:1.0, 林之孝:1.0, 林之孝家的:1.0, 王夫人:1.0, 贾探春:1.0
刘姥姥:1.0, 史太君:1.0, 平儿:1.0, 板儿:1.0, 王熙凤:1.0
昭容:1.0, 贾元春:1.0, 贾政:1.0, 贾赦:1.0
史太君:1.0, 史湘云:1.0, 夏奶奶:1.0, 尤氏:1.0, 李婶:1.0, 李纨:1.0, 李纹:1.0, 李绮:1.0, 林黛玉:1.0, 王夫人:1.0, 王熙凤:1.0, 薛姨妈:1.0, 薛宝琴:1.0, 薛宝钗:1.0, 薛蝌:1.0, 贾兰:1.0, 贾宝玉:1.0, 贾惜春:1.0, 贾政:1.0, 贾环:1.0, 贾迎春:1.0, 邢夫人:1.0, 邢岫烟:1.0, 香菱:1.0, 鸳鸯:1.0
史太君:1.0, 贾珍:1.0, 贾琏:1.0
芳官:1.0, 贾元春:1.0, 贾政:1.0, 贾芹:1.0, 赖大:1.0
周姨娘:1.0, 贾探春:1.0, 赵姨娘:1.0
史太君:1.0, 林黛玉:1.0, 王夫人:1.0, 薛宝钗:1.0, 贾元春:1.0, 贾宝玉:1.0
史太君:1.0, 小红:1.0, 李纨:1.0, 林黛玉:1.0, 薛宝钗:1.0, 袭人:1.0, 贾宝玉:1.0, 贾珍:1.0
史太君:1.0, 史湘云:1.0, 尤氏:1.0, 王熙凤:1.0, 薛宝琴:1.0, 袭人:1.0
史太君:1.0, 王夫人:1.0, 王熙凤:1.0, 贾宝玉:1.0, 贾巧姐:1.0, 邢夫人:1.0
贾珍:1.0, 贾琏:1.0, 鲍二家的:1.0
史太君:1.0, 晴雯:1.0, 李嬷嬷:1.0, 袭人:1.0, 贾宝玉:1.0
史太君:1.0, 平儿:1.0, 王夫人:1.0, 王熙凤:1.0, 袭人:1.0, 贾宝玉:1.0, 贾政:1.0, 贾环:1.0, 贾琏:1.0, 贾赦:1.0, 赵姨娘:1.0
小红:1.0, 李纨:1.0, 林之孝:1.0, 王熙凤:1.0, 贾宝玉:1.0
平儿:1.0, 秋桐:1.0, 贾琏:1.0, 赖大:1.0, 邢夫人:1.0
晴雯:1.0, 柳五儿:1.0, 柳家的:1.0, 袭人:1.0, 贾宝玉:1.0
王熙凤:1.0, 贾元春:1.0, 贾琏:1.0, 贾芸:1.0
王夫人:1.0, 王熙凤:1.0, 贾宝玉:1.0, 贾珍:1.0
王熙凤:1.0, 秦可卿:1.0, 贾宝玉:1.0
林黛玉:1.0, 王善保家的:1.0, 王熙凤:1.0, 紫鹃:1.0, 贾宝玉:1.0
史太君:1.0, 林黛玉:1.0, 王夫人:1.0, 秋纹:1.0, 紫鹃:1.0, 薛宝钗:1.0, 袭人:1.0, 贾宝玉:1.0, 贾政:1.0
水溶:1.0, 贾宝玉:1.0, 贾政:1.0, 贾赦:1.0
林黛玉:1.0, 薛宝钗:1.0, 薛蟠:1.0, 贾宝玉:1.0, 香菱:1.0
板儿:1.0, 袭人:1.0
晴雯:1.0, 李纨:1.0, 林黛玉:1.0, 茜雪:1.0, 袭人:1.0, 贾宝玉:1.0
尤二姐:1.0, 柳湘莲:1.0, 王熙凤:1.0, 贾珍:1.0, 贾琏:1.0, 鸳鸯:1.0
刘姥姥:1.0, 史太君:1.0, 李纨:1.0, 林黛玉:1.0, 王夫人:1.0, 琥珀:1.0, 紫鹃:1.0, 薛姨妈:1.0, 贾宝玉:1.0
云光:1.0, 王夫人:1.0, 王熙凤:1.0, 金哥:1.0
史太君:1.0, 尤氏:1.0, 王夫人:1.0, 王熙凤:1.0, 邢夫人:1.0
史太君:1.0, 王熙凤:1.0, 袭人:1.0, 贾元春:1.0, 贾宝玉:1.0, 贾政:1.0, 贾珍:1.0
史太君:1.0, 王仁:1.0, 王熙凤:1.0, 贾巧姐:1.0, 贾环:1.0, 贾芸:1.0, 贾蔷:1.0, 邢德全:1.0
史太君:1.0, 史湘云:1.0, 林黛玉:1.0, 王夫人:1.0, 王熙凤:1.0, 薛姨妈:1.0, 薛宝钗:1.0, 贾宝玉:1.0
史太君:1.0, 林黛玉:1.0, 王熙凤:1.0, 薛宝钗:1.0, 贾琏:1.0
李纨:1.0, 薛宝钗:1.0, 贾宝玉:1.0, 贾惜春:1.0, 贾探春:1.0, 贾迎春:1.0
史太君:1.0, 李纨:1.0, 贾兰:1.0, 贾宝玉:1.0, 贾环:1.0, 贾珠:1.0, 鸳鸯:1.0
刘姥姥:1.0, 周瑞:1.0, 周瑞家的:1.0, 平儿:1.0, 板儿:1.0, 王熙凤:1.0, 贾蓉:1.0
秋纹:1.0, 薛宝钗:1.0, 贾宝玉:1.0, 贾政:1.0, 赖大:1.0
贾敬:1.0, 贾珍:1.0, 贾蓉:1.0
甄宝玉:1.0, 贾兰:1.0, 贾宝玉:1.0, 贾环:1.0, 顽石:1.0
刘姥姥:1.0, 史太君:1.0, 尤二姐:1.0, 平儿:1.0, 王熙凤:1.0, 贾琏:1.0, 赵姨娘:1.0
史太君:1.0, 春燕:1.0, 李纨:1.0, 薛宝钗:1.0, 贾宝玉:1.0, 香菱:1.0
丰儿:1.0, 刘姥姥:1.0, 平儿:1.0, 王熙凤:1.0
尤氏:1.0, 李纨:1.0, 贾宝玉:1.0, 贾珍:1.0, 贾蓉:1.0
史太君:1.0, 林黛玉:1.0, 王夫人:1.0, 紫鹃:1.0, 袭人:1.0, 贾宝玉:1.0
四儿:1.0, 晴雯:1.0, 芳官:1.0, 袭人:1.0, 贾宝玉:1.0
史太君:1.0, 平儿:1.0, 晴雯:1.0, 袭人:1.0, 贾宝玉:1.0
文杏:1.0, 臻儿:1.0, 莺儿:1.0, 薛姨妈:1.0, 薛宝钗:1.0, 薛蟠:1.0, 香菱:1.0
李纨:1.0, 薛宝钗:1.0, 贾探春:1.0
史太君:1.0, 尤氏:1.0, 平儿:1.0, 林黛玉:1.0, 王夫人:1.0, 王熙凤:1.0, 贾兰:1.0, 贾宝玉:1.0, 贾惜春:1.0, 贾政:1.0, 贾珍:1.0, 贾琏:1.0, 贾蓉:1.0, 贾赦:1.0, 邢夫人:1.0, 鸳鸯:1.0
王熙凤:1.0, 贾瑞:1.0, 贾蓉:1.0, 贾蔷:1.0
妙玉:1.0, 林黛玉:1.0, 贾宝玉:1.0, 贾惜春:1.0
小鹊:1.0, 晴雯:1.0, 袭人:1.0, 贾宝玉:1.0, 赵姨娘:1.0
王熙凤:1.0, 贾琏:1.0, 赵嬷嬷:1.0
薛蟠:1.0, 贾政:1.0
史太君:1.0, 林黛玉:1.0, 薛宝钗:1.0, 香菱:1.0
史太君:1.0, 拐子:1.0, 智通:1.0, 王夫人:1.0, 芳官:1.0, 蕊官:1.0, 藕官:1.0, 贾探春:1.0, 贾迎春:1.0, 邢夫人:1.0
史太君:1.0, 史湘云:1.0, 李纨:1.0, 林黛玉:1.0, 薛宝钗:1.0, 袭人:1.0, 贾宝玉:1.0, 贾惜春:1.0, 贾探春:1.0, 贾迎春:1.0
刘姥姥:1.0, 板儿:1.0, 王熙凤:1.0
入画:1.0, 史太君:1.0, 史湘云:1.0, 司棋:1.0, 待书:1.0, 王夫人:1.0, 紫鹃:1.0, 翠墨:1.0, 莺儿:1.0, 薛宝钗:1.0, 袭人:1.0, 贾宝玉:1.0
秋纹:1.0, 莺儿:1.0, 薛宝钗:1.0, 贾宝玉:1.0, 麝月:1.0
史太君:1.0, 彩云:1.0, 王夫人:1.0, 王子腾:1.0, 王熙凤:1.0, 贾元春:1.0, 贾宝玉:1.0, 贾政:1.0, 贾琏:1.0, 贾赦:1.0
林如海:1.0, 林黛玉:1.0
蒋玉菡:1.0, 薛宝钗:1.0
史太君:1.0, 贾蓉:1.0
史太君:1.0, 周瑞:1.0, 周瑞家的:1.0, 晴雯:1.0, 来喜家的:1.0, 来旺:1.0, 林黛玉:1.0, 王善保家的:1.0, 王夫人:1.0, 王熙凤:1.0, 袭人:1.0, 贾宝玉:1.0, 邢夫人:1.0, 麝月:1.0
史太君:1.0, 史湘云:1.0, 林黛玉:1.0, 薛姨妈:1.0, 薛宝琴:1.0, 薛宝钗:1.0, 贾宝玉:1.0
史太君:1.0, 尤氏:1.0, 王熙凤:1.0, 薛姨妈:1.0, 薛蝌:1.0, 薛蟠:1.0, 邢夫人:1.0, 邢岫烟:1.0, 邢忠:1.0
史太君:1.0, 林黛玉:1.0, 鹦鹉:1.0
史太君:1.0, 史湘云:1.0, 晴雯:1.0, 林黛玉:1.0, 莺儿:1.0, 薛姨妈:1.0, 薛宝钗:1.0, 袭人:1.0, 贾元春:1.0, 贾宝玉:1.0, 贾惜春:1.0, 贾探春:1.0, 贾环:1.0, 贾迎春:1.0, 香菱:1.0, 麝月:1.0
史太君:1.0, 王夫人:1.0, 薛姨妈:1.0, 薛蟠:1.0, 贾雨村:1.0
单大良:1.0, 史太君:1.0, 林之孝:1.0, 林之孝家的:1.0, 林黛玉:1.0, 紫鹃:1.0, 袭人:1.0, 贾宝玉:1.0
史太君:1.0, 林黛玉:1.0, 袭人:1.0, 贾宝玉:1.0, 贾赦:1.0
李纨:1.0, 王夫人:1.0, 薛宝钗:1.0, 薛蝌:1.0, 薛蟠:1.0
